name,datetime,tempmax,tempmin,temp,feelslikemax,feelslikemin,feelslike,dew,humidity,precip,precipprob,precipcover,preciptype,snow,snowdepth,windgust,windspeed,winddir,sealevelpressure,cloudcover,visibility,solarradiation,solarenergy,uvindex,severerisk,sunrise,sunset,moonphase,conditions,description,icon,stations
New York City,2015-01-01,3.7,-2.6,0.5,2.1,-8.3,-3.5,-12.4,37.7,0,0,0,,0,0,45.7,21.3,251.4,1018.5,7.3,16,114.3,9.9,5,,2015-01-01T07:20:09,2015-01-01T16:39:07,0.38,Clear,Clear conditions throughout the day.,clear-day,"72505394728,KLGA,KNYC,72503014732"
New York City,2015-01-02,5.7,2.2,3.7,2.5,-2.2,0.1,-8.4,41,0,0,0,,0,0,45.8,25.9,270.3,1022.8,31.5,16,110.6,9.5,5,,2015-01-02T07:20:15,2015-01-02T16:39:58,0.41,Partially cloudy,Partly cloudy throughout the day.,partly-cloudy-day,"72505394728,KLGA,KNYC,72503014732"
New York City,2015-01-03,4.8,0.8,2.1,1.7,-3.4,-1,-3.3,69.4,16.714,100,45.83,"rain,snow",0,0,37.1,15.7,69.8,1031.1,65.1,10.2,61.9,5.2,3,,2015-01-03T07:20:19,2015-01-03T16:40:50,0.45,"Snow, Rain, Partially cloudy",Partly cloudy throughout the day with rain or snow.,rain,"72505394728,KLGA,KNYC,72503014732"
New York City,2015-01-04,13,5,9,13,2.6,8.1,7,87.4,8.95,100,45.83,rain,0,0,49.1,26.7,245.7,1010.4,91.5,10.9,43.2,3.8,3,,2015-01-04T07:20:20,2015-01-04T16:41:44,0.5,"Rain, Overcast",Cloudy skies throughout the day with rain.,rain,"72505394728,KLGA,KNYC,72503014732"
New York City,2015-01-05,10.2,-5.6,2.4,10.2,-11.5,-2.3,-11,37.1,0,0,0,,0,0,72.2,38.9,290.5,1019.2,33.1,16,115.3,9.9,5,,2015-01-05T07:20:19,2015-01-05T16:42:40,0.52,Partially cloudy,Partly cloudy throughout the day.,partly-cloudy-day,"72505394728,KLGA,KNYC,72503014732"
New York City,2015-01-06,-5.6,-7.3,-6.4,-5.8,-13.7,-10,-13.7,57.9,1.26,100,16.67,snow,0.5,0.2,38.9,24.1,290.6,1024.2,62,11.4,24.1,2.1,1,,2015-01-06T07:20:16,2015-01-06T16:43:36,0.55,"Snow, Partially cloudy",Partly cloudy throughout the day with snow in the morning and afternoon.,snow,"72505394728,KLGA,KNYC,72503014732"
New York City,2015-01-07,-4.8,-12.1,-7.1,-10.9,-21.8,-14.5,-16.4,48.8,0,0,0,,0.3,0.5,57.1,34.9,292,1016.8,34.5,15.8,78.3,6.7,3,,2015-01-07T07:20:11,2015-01-07T16:44:35,0.58,Partially cloudy,Becoming cloudy in the afternoon.,snow,"72505394728,KLGA,KNYC,72503014732"
New York City,2015-01-08,-6.6,-13.3,-9.9,-11.4,-22.4,-17.1,-20.1,43.5,0,0,0,,0.2,0.1,48.7,23.8,271.9,1027.5,10.4,16,117.3,10,5,,2015-01-08T07:20:03,2015-01-08T16:45:34,0.61,Clear,Clear conditions throughout the day.,snow,"72505394728,KLGA,KNYC,72503014732"
New York City,2015-01-09,0.5,-7.3,-3.1,-3.5,-13.2,-8.8,-12.8,48.2,1.914,100,8.33,snow,0.4,0.3,48.2,31.7,249.3,1018.3,55,14,66.2,5.9,3,,2015-01-09T07:19:53,2015-01-09T16:46:35,0.65,"Snow, Partially cloudy",Partly cloudy throughout the day with morning snow.,snow,"72505394728,KLGA,KNYC,72503014732"
New York City,2015-01-10,-4.8,-8.7,-6.7,-8.7,-16.2,-12.8,-18.2,39.7,0,0,0,,0.2,0.6,46.4,22.3,277,1030.3,2.4,16,124.7,10.7,5,,2015-01-10T07:19:41,2015-01-10T16:47:37,0.68,Clear,Clear conditions throughout the day.,snow,"72505394728,KLGA,KNYC,72503014732"
New York City,2015-01-11,2.7,-7.6,-1.9,-0.1,-13.6,-5.8,-14.9,36.6,0,0,0,,0.4,0.6,33.5,17.4,230.7,1035.9,43,16,120.5,10.4,5,,2015-01-11T07:19:27,2015-01-11T16:48:40,0.71,Partially cloudy,Partly cloudy throughout the day.,snow,"72505394728,KLGA,KNYC,72503014732"
New York City,2015-01-12,3.5,1.7,2.7,3.4,-0.9,1,-2.4,71.4,9.445,100,41.67,"rain,snow",0,0.1,42.5,13.9,281.2,1025,100,10.9,13.5,1.2,1,,2015-01-12T07:19:10,2015-01-12T16:49:44,0.74,"Snow, Rain, Overcast",Cloudy skies throughout the day with rain or snow.,rain,"72505394728,KLGA,KNYC,72503014732"
New York City,2015-01-13,2.2,-8.3,-3.1,-1.3,-13.7,-8.5,-10.7,56.7,0,0,0,,0,0,40.7,29.5,11.5,1032.7,39.8,16,122.6,10.5,5,,2015-01-13T07:18:51,2015-01-13T16:50:49,0.75,Partially cloudy,Clearing in the afternoon.,partly-cloudy-day,"72505394728,KLGA,KNYC,72503014732"
New York City,2015-01-14,-0.3,-8.3,-4.1,-1.2,-14.6,-8.4,-10.6,60.4,0,0,0,,0,0,31.7,22,39.6,1028.8,68.6,16,63.7,5.6,3,,2015-01-14T07:18:30,2015-01-14T16:51:55,0.81,Partially cloudy,Partly cloudy throughout the day.,partly-cloudy-day,"72505394728,KLGA,KNYC,72503014732"
New York City,2015-01-15,1.1,-3.7,-1.2,-1.8,-8,-4.4,-8.9,56.9,0,0,0,,0,0,37.1,25.9,293.7,1018.3,44.9,15.9,92.5,7.9,5,,2015-01-15T07:18:07,2015-01-15T16:53:02,0.84,Partially cloudy,Clearing in the afternoon.,partly-cloudy-day,"72505394728,KLGA,KNYC,72503014732"
New York City,2015-01-16,5.8,-6.5,0,1.7,-13.2,-5,-10.7,45,0,0,0,,0,0,51.8,33.6,284.5,1013.3,32.3,15.4,113,9.8,5,,2015-01-16T07:17:41,2015-01-16T16:54:09,0.87,Partially cloudy,Partly cloudy throughout the day.,partly-cloudy-day,"72505394728,KLGA,KNYC,72503014732"
New York City,2015-01-17,-0.8,-8.3,-4.7,-4.4,-15,-9.4,-15.1,44.8,0,0,0,,0,0,37.1,20.9,277.2,1026.8,8.5,16,129.4,11.2,5,,2015-01-17T07:17:14,2015-01-17T16:55:18,0.91,Clear,Clear conditions throughout the day.,clear-day,"72505394728,KLGA,KNYC,72503014732"
New York City,2015-01-18,5.3,-0.8,2.5,5.3,-4.9,0.7,-0.2,83.1,52.629,100,58.33,"rain,snow",0,0,31.5,14.6,5.5,1014,83.3,8.7,45.4,3.9,3,,2015-01-18T07:16:44,2015-01-18T16:56:27,0.94,"Snow, Rain, Partially cloudy",Partly cloudy throughout the day with rain or snow.,rain,"72505394728,KLGA,KNYC,72503014732"
New York City,2015-01-19,5,2.9,3.8,1.9,-2.7,0.2,-3.6,59.8,0.645,100,4.17,rain,0,0,51.5,29.5,279.7,1009.2,81.1,15.9,111.8,9.8,5,,2015-01-19T07:16:12,2015-01-19T16:57:37,0.97,"Rain, Partially cloudy",Partly cloudy throughout the day with early morning rain.,rain,"72505394728,KLGA,KNYC,72503014732"
New York City,2015-01-20,4.2,0.7,2.7,1.8,-3.2,-0.4,-7,49.2,0,0,0,,0,0,35.3,15.7,298.6,1013.2,66.2,16,78.4,6.6,3,,2015-01-20T07:15:38,2015-01-20T16:58:47,0,Partially cloudy,Partly cloudy throughout the day.,partly-cloudy-day,"72505394728,KLGA,KNYC,72503014732"
New York City,2015-01-21,1.6,-3.8,-0.6,1.6,-8.4,-3.3,-12.8,39.8,0,0,0,,0,0,,11.6,29.7,1020.2,55.4,15.9,55.6,4.8,3,,2015-01-21T07:15:02,2015-01-21T16:59:58,0.04,Partially cloudy,Partly cloudy throughout the day.,partly-cloudy-day,"72505394728,KLGA,KNYC,72503014732"
New York City,2015-01-22,3.9,-0.6,1.3,3.4,-4.9,-1.4,-6.8,55.6,0,0,0,,0,0,35.3,19.1,319,1023.4,61.9,13.9,111.6,9.8,5,,2015-01-22T07:14:24,2015-01-22T17:01:10,0.07,Partially cloudy,Partly cloudy throughout the day.,partly-cloudy-day,"72505394728,KLGA,KNYC,72503014732"
New York City,2015-01-23,3.7,-2.2,0.7,1,-6.9,-2.7,-8.1,51.8,0,0,0,,1.1,0.3,42.5,18.4,265.5,1023.3,17.6,15.5,123,10.8,5,,2015-01-23T07:13:44,2015-01-23T17:02:22,0.11,Clear,Clear conditions throughout the day.,snow,"72505394728,KLGA,KNYC,72503014732"
New York City,2015-01-24,3.5,0.5,1.8,1.1,-3.7,-1.3,-1.4,80.2,18.527,100,50,"rain,snow",1.3,1.7,49,22.4,340.5,1000.3,85,7.4,20.7,1.8,1,,2015-01-24T07:13:02,2015-01-24T17:03:35,0.14,"Snow, Rain, Partially cloudy",Partly cloudy throughout the day with rain or snow.,snow,"72505394728,KLGA,KNYC,72503014732"
New York City,2015-01-25,5.5,-0.2,2.9,2.5,-5.4,-0.5,-7.7,47.9,0,0,0,,0.9,1.7,46.4,20.9,293.7,1007,52.4,15.8,124.2,10.6,5,,2015-01-25T07:12:18,2015-01-25T17:04:48,0.18,Partially cloudy,Clearing in the afternoon.,snow,"72505394728,KLGA,KNYC,72503014732"
New York City,2015-01-26,-0.8,-5.2,-3.6,-4.6,-13.3,-10.1,-9.4,66.7,9.943,100,45.83,snow,4.1,3.1,53,31.7,49.1,1013,98.5,6.7,24,2,1,,2015-01-26T07:11:32,2015-01-26T17:06:01,0.25,"Snow, Overcast",Cloudy skies throughout the day with snow.,snow,"72505394728,KLGA,KNYC,72503014732"
New York City,2015-01-27,-1.7,-6.1,-4.3,-6.4,-14.2,-10.3,-9.3,68.7,8.652,100,33.33,snow,2.7,7.9,56.7,35.3,350.4,1005.4,74.7,9.8,63.6,5.5,3,,2015-01-27T07:10:44,2015-01-27T17:07:14,0.25,"Snow, Partially cloudy",Partly cloudy throughout the day with snow clearing later.,snow,"72505394728,KLGA,KNYC,72503014732"
New York City,2015-01-28,0.7,-8.2,-4.2,-2.7,-15.8,-9.5,-15.8,40.9,0,0,0,,0.2,8.2,38.9,21.5,318.2,1017.4,9.9,16,138.7,12,6,,2015-01-28T07:09:54,2015-01-28T17:08:28,0.28,Clear,Clear conditions throughout the day.,snow,"72505394728,KLGA,KNYC,72503014732"
New York City,2015-01-29,1.7,-6.6,-2.4,-0.3,-10,-5.2,-11.6,50.3,0,0,0,,0.8,5.4,29.5,16.9,182.7,1023.3,44.3,16,114.2,9.9,5,,2015-01-29T07:09:03,2015-01-29T17:09:42,0.32,Partially cloudy,Becoming cloudy in the afternoon.,snow,"72505394728,KLGA,KNYC,72503014732"
New York City,2015-01-30,3,-6.5,0,2.4,-14.9,-4.7,-6.5,63.3,2.491,100,29.17,"rain,snow",0.5,4.7,60.5,33,302.3,1012.3,74.5,12.5,68.2,5.8,3,,2015-01-30T07:08:09,2015-01-30T17:10:56,0.35,"Snow, Rain, Partially cloudy",Partly cloudy throughout the day with rain or snow clearing later.,snow,"72505394728,KLGA,KNYC,72503014732"
New York City,2015-01-31,-3.3,-10.5,-6.9,-9.4,-20,-14.5,-17.5,43.3,0,0,0,,0,4.1,61,34.5,308.7,1019.7,3.9,16,151.8,13,6,,2015-01-31T07:07:14,2015-01-31T17:12:10,0.39,Clear,Clear conditions throughout the day.,clear-day,"72505394728,KLGA,KNYC,72503014732"
New York City,2015-02-01,2.1,-6.5,-1.2,1.7,-12.4,-4,-9.3,54.7,0.408,100,4.17,"rain,snow",0.8,3.9,33.5,16.6,255.9,1021.2,74.1,14.5,99.1,8.6,4,,2015-02-01T07:06:17,2015-02-01T17:13:24,0.42,"Snow, Rain, Partially cloudy",Partly cloudy throughout the day with late afternoon rain or snow.,snow,"72505394728,KLGA,KNYC,72503014732"
New York City,2015-02-02,0.7,-9.7,-2.9,-2.6,-18.1,-8.4,-5.4,83,26.69,100,75,"rain,snow",0.8,4.9,50.6,28.4,22.6,1003.5,91.3,6.3,20.1,1.7,1,,2015-02-02T07:05:18,2015-02-02T17:14:39,0.46,"Snow, Rain, Overcast",Cloudy skies throughout the day with a chance of rain or snow throughout the day.,snow,"72505394728,KLGA,KNYC,72503014732"
New York City,2015-02-03,-3.8,-10.3,-6.8,-6.1,-20.2,-12.6,-13.5,59.4,0,0,0,,0.2,5.3,53.3,37.1,282.4,1022.7,11.5,14.8,142.3,12.3,6,,2015-02-03T07:04:18,2015-02-03T17:15:53,0.5,Clear,Clear conditions throughout the day.,snow,"72505394728,KLGA,KNYC,72503014732"
New York City,2015-02-04,5.5,-4,1.1,5.3,-8,-1.1,-6.4,57.6,0,0,0,,15.9,14.6,,15,222.6,1021.1,71.7,14.9,137.7,11.7,6,,2015-02-04T07:03:16,2015-02-04T17:17:07,0.52,Partially cloudy,Partly cloudy throughout the day.,snow,"72505394728,KLGA,KNYC,72503014732"
New York City,2015-02-05,4.9,-9.3,-1.5,4.2,-17.4,-6.8,-11.2,48.4,0,0,0,,0,18.2,55.6,40.7,321.5,1015.9,54.5,15.9,89.6,7.8,3,,2015-02-05T07:02:13,2015-02-05T17:18:22,0.56,Partially cloudy,Partly cloudy throughout the day.,partly-cloudy-day,"72505394728,KLGA,KNYC,72503014732"
New York City,2015-02-06,-2.8,-11,-6.9,-3.7,-18.2,-12.8,-17.4,43.6,0,0,0,,0,10,43,22.3,281.3,1022.3,22.3,16,142,12.3,6,,2015-02-06T07:01:08,2015-02-06T17:19:36,0.59,Partially cloudy,Partly cloudy throughout the day.,partly-cloudy-day,"72505394728,KLGA,KNYC,72503014732"
New York City,2015-02-07,2.9,-3.7,-0.4,2.9,-8.5,-2.8,-8.7,53.9,0.447,100,8.33,"rain,snow",0,4.8,31.7,16.1,257,1018.8,85.2,14.2,99.8,8.8,5,,2015-02-07T07:00:01,2015-02-07T17:20:50,0.62,"Snow, Rain, Partially cloudy",Partly cloudy throughout the day with afternoon rain or snow.,rain,"72505394728,KLGA,KNYC,72503014732"
New York City,2015-02-08,1.8,-0.3,1.3,1,-6,-2.6,-1.9,79.6,0,0,0,,0,4.3,38.9,24.6,61.1,1013.2,93.8,8.9,66.9,5.8,3,,2015-02-08T06:58:53,2015-02-08T17:22:04,0.66,Overcast,Cloudy skies throughout the day.,cloudy,"72505394728,KLGA,KNYC,72503014732"
New York City,2015-02-09,-1.2,-3.6,-2.9,-6.9,-9.9,-8.9,-6.7,74.7,2.266,100,20.83,snow,0.9,4.7,43.2,28.1,56.7,1015.4,100,14.5,36.9,3.2,2,,2015-02-09T06:57:43,2015-02-09T17:23:18,0.69,"Snow, Overcast",Cloudy skies throughout the day with snow in the morning and afternoon.,snow,"72505394728,KLGA,KNYC,72503014732"
New York City,2015-02-10,3.7,-3.3,-0.6,0.5,-9.2,-5.5,-6.7,63.7,0.22,100,4.17,snow,0,5.1,40.1,25.1,21.8,1017,75.1,15.4,69,6,3,,2015-02-10T06:56:32,2015-02-10T17:24:32,0.72,"Snow, Partially cloudy",Partly cloudy throughout the day with morning snow.,rain,"72505394728,KLGA,KNYC,72503014732"
New York City,2015-02-11,0.5,-5.6,-2.3,-0.3,-12.1,-6.3,-11.1,51.5,0,0,0,,0,5.1,38.9,22.1,33.5,1016.7,9.9,16,171.9,14.8,6,,2015-02-11T06:55:20,2015-02-11T17:25:45,0.75,Clear,Clear conditions throughout the day.,clear-day,"72505394728,KLGA,KNYC,72503014732"
New York City,2015-02-12,3.9,-6.1,-0.2,2.2,-13.9,-4,-7.6,58.1,0,0,0,,0,5,51.3,25.9,277.3,1009.2,88.3,14.4,79.2,6.8,3,,2015-02-12T06:54:06,2015-02-12T17:26:59,0.79,Partially cloudy,Partly cloudy throughout the day.,partly-cloudy-day,"72505394728,KLGA,KNYC,72503014732"
New York City,2015-02-13,-6.5,-13.2,-9.3,-11.1,-22.9,-16.7,-21,38.9,0,0,0,,0,4.8,57.4,33,309,1019,3.3,16,168.8,14.7,7,,2015-02-13T06:52:51,2015-02-13T17:28:12,0.82,Clear,Clear conditions throughout the day.,clear-day,"72505394728,KLGA,KNYC,72503014732"
New York City,2015-02-14,0,-8.3,-3.8,-1.8,-11.4,-6.9,-12.3,53.1,0.379,100,12.5,"rain,snow",0.9,4.5,37.1,16.6,210.8,1008.6,83.6,13.3,80.2,7,4,,2015-02-14T06:51:34,2015-02-14T17:29:25,0.86,"Snow, Rain, Partially cloudy",Partly cloudy throughout the day with rain or snow.,snow,"72505394728,KLGA,KNYC,72503014732"
New York City,2015-02-15,-3.7,-15.3,-9.2,-10.1,-27.1,-18.3,-18,50.2,0.254,100,8.33,snow,0.5,5.5,63.7,34.6,309.4,1008.2,51.6,14.7,123.7,10.8,6,,2015-02-15T06:50:17,2015-02-15T17:30:37,0.89,"Snow, Partially cloudy",Clearing in the afternoon with early morning snow.,snow,"72505394728,KLGA,KNYC,72503014732"
New York City,2015-02-16,-6.5,-15.7,-10.9,-6.6,-26.3,-17.7,-23.4,36.5,0,0,0,,1.1,6,59.7,28.1,307,1020.5,25.9,16,145.8,12.6,7,,2015-02-16T06:48:58,2015-02-16T17:31:50,0.92,Partially cloudy,Partly cloudy throughout the day.,snow,"72505394728,KLGA,KNYC,72503014732"
New York City,2015-02-17,-2.6,-9.5,-6.1,-2.8,-16.3,-9.6,-13.2,58.8,3.631,100,33.33,snow,14.8,15.8,29.5,15.6,34.1,1013.3,67.7,10.7,72.2,6.2,3,,2015-02-17T06:47:38,2015-02-17T17:33:02,0.96,"Snow, Partially cloudy",Partly cloudy throughout the day with snow clearing later.,snow,"72505394728,KLGA,KNYC,72503014732"
New York City,2015-02-18,-0.9,-6.9,-3.7,-1.5,-10.7,-6.4,-11.1,56.7,0,0,0,,0,19.5,,14.3,98.4,1010.3,40.2,15,154.7,13.4,6,,2015-02-18T06:46:17,2015-02-18T17:34:14,0,Partially cloudy,Becoming cloudy in the afternoon.,partly-cloudy-day,"72505394728,KLGA,KNYC,72503014732"
New York City,2015-02-19,-2.8,-12,-7.6,-8.6,-21.3,-15.3,-18.4,42.3,0,0,0,,0,18.5,51.2,33.5,295.5,1009.4,48.9,16,103.2,8.9,5,,2015-02-19T06:44:54,2015-02-19T17:35:25,0.02,Partially cloudy,Partly cloudy throughout the day.,partly-cloudy-day,"72505394728,KLGA,KNYC,72503014732"
New York City,2015-02-20,-7,-16.5,-11.7,-12.4,-26.6,-19.9,-23.3,38.1,0,0,0,,0,10.4,51,26.9,287.1,1023.8,2.1,16,186.4,16.3,7,,2015-02-20T06:43:31,2015-02-20T17:36:36,0.06,Clear,Clear conditions throughout the day.,clear-day,"72505394728,KLGA,KNYC,72503014732"
New York City,2015-02-21,0,-9.8,-5,-3.1,-16.5,-8.8,-12.7,57.8,13.533,100,41.67,"rain,snow",1.3,6.2,38.9,16.8,216.9,1028.9,58.3,10.2,68.9,5.8,3,,2015-02-21T06:42:07,2015-02-21T17:37:47,0.09,"Snow, Rain, Partially cloudy",Partly cloudy throughout the day with rain or snow.,snow,"72505394728,KLGA,KNYC,72503014732"
New York City,2015-02-22,5.8,0,2.4,5.8,-2.7,1.1,-1.9,74.9,4.668,100,33.33,"rain,snow",0.8,7.7,,15.9,262.1,1021.1,58.3,9.9,100.6,8.7,5,,2015-02-22T06:40:41,2015-02-22T17:38:58,0.13,"Snow, Rain, Partially cloudy",Clearing in the afternoon with rain or snow clearing later.,snow,"72505394728,KLGA,KNYC,72503014732"
New York City,2015-02-23,3.4,-13.2,-4.7,1,-21.9,-11.4,-16.1,41.3,0,0,0,,0,7.5,50,29.4,315.3,1025.3,38.8,16,136,11.7,6,,2015-02-23T06:39:15,2015-02-23T17:40:08,0.16,Partially cloudy,Clearing in the afternoon.,partly-cloudy-day,"72505394728,KLGA,KNYC,72503014732"
New York City,2015-02-24,-4.3,-15.3,-9.7,-7.2,-22,-14.7,-19.2,46.2,0,0,0,,0,7.4,35.3,19.1,234,1022.5,19.7,16,200.4,17.3,7,,2015-02-24T06:37:48,2015-02-24T17:41:18,0.19,Clear,Clear conditions throughout the day.,clear-day,"72505394728,KLGA,KNYC,72503014732"
New York City,2015-02-25,2.9,-6.4,-1.4,1.3,-10.7,-5.1,-12,45.8,0,0,0,,9.2,12.7,39.8,20.9,278.3,1010.8,16,16,196.2,17,7,,2015-02-25T06:36:20,2015-02-25T17:42:28,0.25,Clear,Clear conditions throughout the day.,snow,"72505394728,KLGA,KNYC,72503014732"
New York City,2015-02-26,0,-5.6,-3.9,-2.5,-12.3,-8.7,-13,50,0,0,0,,0,13.8,29.5,19.9,25.2,1016.4,69.7,15.5,140,12,6,,2015-02-26T06:34:51,2015-02-26T17:43:38,0.26,Partially cloudy,Partly cloudy throughout the day.,partly-cloudy-day,"72505394728,KLGA,KNYC,72503014732"
New York City,2015-02-27,-1.2,-7.6,-4.7,-5.3,-14.5,-9.1,-15.6,43.3,0,0,0,,0,12,38.9,25.9,327.1,1028.3,28.4,16,187.5,16.2,7,,2015-02-27T06:33:21,2015-02-27T17:44:47,0.3,Partially cloudy,Clearing in the afternoon.,partly-cloudy-day,"72505394728,KLGA,KNYC,72503014732"
New York City,2015-02-28,-1.8,-9.8,-5.5,-2,-15.5,-8.6,-18.4,35.9,0,0,0,,1,12.3,37.1,29.5,314.2,1040.9,8.3,16,204.7,17.8,7,,2015-02-28T06:31:50,2015-02-28T17:45:56,0.33,Clear,Clear conditions throughout the day.,snow,"72505394728,KLGA,KNYC,72503014732"
New York City,2015-03-01,-1.2,-4,-2.7,-2.2,-7,-3.8,-11.5,55,12.947,100,33.33,snow,4.7,13.8,31.7,13.3,225.4,1033.4,77.6,10.2,52.3,4.5,2,,2015-03-01T06:30:19,2015-03-01T17:47:04,0.36,"Snow, Partially cloudy",Partly cloudy throughout the day with snow.,snow,"72505394728,KLGA,KNYC,72503014732"
New York City,2015-03-02,3.4,-2,0.6,-0.1,-7.7,-3.2,-8.1,55.4,0,0,0,,2.9,19.3,50.4,27.9,306.5,1020.9,49.6,14,163.4,14,7,,2015-03-02T06:28:47,2015-03-02T17:48:12,0.4,Partially cloudy,Clearing in the afternoon.,snow,"72505394728,KLGA,KNYC,72503014732"
New York City,2015-03-03,2.2,-4.8,-1.7,-1.3,-8.2,-5.1,-8.9,59.8,17.05,100,33.33,"rain,snow",0.1,19.9,37.4,18.6,189.4,1025.2,54.3,12.1,84.8,7.4,3,,2015-03-03T06:27:14,2015-03-03T17:49:20,0.43,"Snow, Rain, Partially cloudy",Becoming cloudy in the afternoon with rain or snow.,snow,"72505394728,KLGA,KNYC,72503014732"
New York City,2015-03-04,7.5,2.2,4.6,6.8,-1.6,2.1,1.7,81.1,4.883,100,33.33,rain,0,12.3,34.3,14.8,237.2,1010.4,99.1,9.2,60.1,5.1,2,,2015-03-04T06:25:41,2015-03-04T17:50:28,0.46,"Rain, Overcast",Cloudy skies throughout the day with rain.,rain,"72505394728,KLGA,KNYC,72503014732"
New York City,2015-03-05,4.5,-6.4,-2.7,1.5,-12.7,-6.8,-5.5,81.8,20.141,100,79.17,"rain,snow",2.6,8.4,36.1,20.4,323.5,1019.6,95.6,4.5,93.3,8.1,5,,2015-03-05T06:24:07,2015-03-05T17:51:35,0.5,"Snow, Rain, Overcast",Cloudy skies throughout the day with a chance of rain or snow throughout the day.,snow,"72505394728,KLGA,KNYC,72503014732"
New York City,2015-03-06,-3.2,-10.3,-6.6,-3.3,-17.5,-11.1,-15.9,48.4,0,0,0,,1.5,11.3,47.9,25.9,320.2,1031.2,8.7,15.2,230.6,19.8,8,,2015-03-06T06:22:32,2015-03-06T17:52:42,0.53,Clear,Clear conditions throughout the day.,snow,"72505394728,KLGA,KNYC,72503014732"
New York City,2015-03-07,3.4,-7.4,-1.7,3.4,-12.7,-5.4,-11.8,46.6,0,0,0,,0,10.9,39.8,20.5,252.9,1022.3,37.8,15.6,216.9,18.7,8,,2015-03-07T06:20:57,2015-03-07T17:53:49,0.57,Partially cloudy,Becoming cloudy in the afternoon.,partly-cloudy-day,"72505394728,KLGA,KNYC,72503014732"
New York City,2015-03-08,9.1,3.2,5.7,7.2,0.2,3.8,-5.4,45.3,0,0,0,,0,9.5,46.4,29.5,285.1,1018,64.2,15.7,205.7,17,7,,2015-03-08T07:19:22,2015-03-08T18:54:55,0.6,Partially cloudy,Partly cloudy throughout the day.,partly-cloudy-day,"72505394728,KLGA,KNYC,72503014732"
New York City,2015-03-09,12.1,4.6,8.2,12.1,2.8,7.3,-4.5,41.4,0.38,100,8.33,rain,0,7.5,40.7,15.9,278.2,1021.1,28.5,15.8,200.2,17.5,7,,2015-03-09T07:17:46,2015-03-09T18:56:02,0.63,"Rain, Partially cloudy",Clearing in the afternoon with morning rain.,rain,"72505394728,KLGA,KNYC,72503014732"
New York City,2015-03-10,10.8,4.1,7,10.8,2.1,6.1,-0.2,61.8,9.495,100,25,rain,0,5,29.5,13.4,76.8,1023.1,51.7,12,96.4,8.4,5,,2015-03-10T07:16:09,2015-03-10T18:57:08,0.67,"Rain, Partially cloudy",Becoming cloudy in the afternoon with late afternoon rain.,rain,"72505394728,KLGA,KNYC,72503014732"
New York City,2015-03-11,14.8,5.7,9.9,14.8,4.4,9.2,2.9,65.9,2.205,100,12.5,rain,0,2.5,40.7,21.3,295.9,1014.8,44.9,12.9,142.4,12.1,6,,2015-03-11T07:14:32,2015-03-11T18:58:13,0.7,"Rain, Partially cloudy",Clearing in the afternoon with early morning rain.,rain,"72505394728,KLGA,KNYC,72503014732"
New York City,2015-03-12,9.2,3.9,6.5,6.5,0.4,3.2,-13.2,25.1,0,0,0,,0,1.3,57.4,27.2,321,1027.8,1.8,16,236.5,20.5,8,,2015-03-12T07:12:55,2015-03-12T18:59:19,0.74,Clear,Clear conditions throughout the day.,clear-day,"72505394728,KLGA,KNYC,72503014732"
New York City,2015-03-13,5.3,-0.2,3,3.2,-3.3,-0.1,-12.7,32.6,0,0,0,,0,0.7,31,20.5,122.1,1034.8,18.3,16,180.6,15.6,7,,2015-03-13T07:11:17,2015-03-13T19:00:24,0.75,Clear,Clear conditions throughout the day.,clear-day,"72505394728,KLGA,KNYC,72503014732"
New York City,2015-03-14,10,4.4,7.1,8.7,2.8,5.2,4.4,83.6,21.765,100,66.67,rain,0,0.5,31.7,20.5,204.1,1016.3,98.5,9.7,33.6,2.8,1,,2015-03-14T07:09:39,2015-03-14T19:01:29,0.8,"Rain, Overcast",Cloudy skies throughout the day with a chance of rain throughout the day.,rain,"72505394728,KLGA,KNYC,72503014732"
New York City,2015-03-15,7.5,3,5.5,5.4,-1.7,1.6,-1.7,60.7,0.047,100,4.17,rain,0,0,61.8,35.3,300.3,1008.7,92.1,15.8,174.4,15,6,,2015-03-15T07:08:01,2015-03-15T19:02:34,0.84,"Rain, Overcast",Cloudy skies throughout the day with morning rain.,rain,"72505394728,KLGA,KNYC,72503014732"
New York City,2015-03-16,10.7,1.8,5.5,10.7,-2,3.8,-3.8,51.5,0,0,0,,0,0,31.9,18.6,295.3,1013.8,30.2,16,189.4,16.3,7,,2015-03-16T07:06:22,2015-03-16T19:03:39,0.87,Partially cloudy,Partly cloudy throughout the day.,partly-cloudy-day,"72505394728,KLGA,KNYC,72503014732"
New York City,2015-03-17,13,1.7,8.7,13,-5.1,7,-1.7,49.4,0.429,100,8.33,rain,0,0,67.4,46.4,303.8,1005.1,69.7,15.2,161.1,14.1,7,,2015-03-17T07:04:44,2015-03-17T19:04:43,0.91,"Rain, Partially cloudy",Partly cloudy throughout the day with morning rain.,rain,"72505394728,KLGA,KNYC,72503014732"
New York City,2015-03-18,3.6,-1.3,0.7,-0.8,-8,-4.4,-12.5,37.1,0,0,0,,0,0,55.9,35.3,316.8,1016.9,46.9,16,226.1,19.6,8,,2015-03-18T07:03:05,2015-03-18T19:05:48,0.94,Partially cloudy,Partly cloudy throughout the day.,partly-cloudy-day,"72505394728,KLGA,KNYC,72503014732"
New York City,2015-03-19,5.7,-1.7,1.6,3.9,-7.2,-1.9,-14.9,30.2,0,0,0,,0,0,37.1,22.3,313.9,1025.2,22.5,16,248.7,21.5,8,,2015-03-19T07:01:25,2015-03-19T19:06:52,0.97,Partially cloudy,Partly cloudy throughout the day.,partly-cloudy-day,"72505394728,KLGA,KNYC,72503014732"
New York City,2015-03-20,3,-1.5,0.7,1.3,-7.2,-3.2,-8.9,55.7,9.059,100,41.67,"rain,snow",1.8,0.6,35.4,24.1,68.7,1025.1,77.9,8.9,62,5.3,2,,2015-03-20T06:59:46,2015-03-20T19:07:56,0,"Snow, Rain, Partially cloudy",Partly cloudy throughout the day with rain or snow.,snow,"72505394728,KLGA,KNYC,72503014732"
New York City,2015-03-21,8.5,-1.7,2.7,6.5,-6.7,0.5,-1.6,74.1,0.08,100,4.17,"rain,snow",1.1,2,35.3,17.6,303.4,1016,85.8,10.1,222.9,19.3,8,,2015-03-21T06:58:07,2015-03-21T19:09:00,0.04,"Snow, Rain, Partially cloudy",Partly cloudy throughout the day with early morning snow or rain.,snow,"72505394728,KLGA,KNYC,72503014732"
New York City,2015-03-22,7.4,-1,3,3.8,-5.6,-1.1,-10,38.9,0,0,0,,0,0.2,42.5,27.7,311.4,1016.9,12.6,16,259.9,22.4,8,,2015-03-22T06:56:27,2015-03-22T19:10:04,0.08,Clear,Clear conditions throughout the day.,clear-day,"72505394728,KLGA,KNYC,72503014732"
New York City,2015-03-23,3.2,-4.8,-0.8,-0.5,-10.3,-5,-15.1,34.5,0,0,0,,0,0,46.4,24.1,317.6,1023.1,6.9,16,261.2,22.5,9,,2015-03-23T06:54:48,2015-03-23T19:11:07,0.11,Clear,Clear conditions throughout the day.,clear-day,"72505394728,KLGA,KNYC,72503014732"
New York City,2015-03-24,6.7,-3.3,1.4,6.7,-7.3,-1,-13,34,0,0,0,,0,0,,17.9,20.6,1026.6,38,16,237.9,20.6,8,,2015-03-24T06:53:08,2015-03-24T19:12:11,0.14,Partially cloudy,Partly cloudy throughout the day.,partly-cloudy-day,"72505394728,KLGA,KNYC,72503014732"
New York City,2015-03-25,8.3,1,4.5,6.4,-1.2,2.8,-4.8,54.5,1.374,100,20.83,rain,0,0,32,20.9,163.5,1027.4,45.4,14.9,207.7,18,8,,2015-03-25T06:51:29,2015-03-25T19:13:14,0.17,"Rain, Partially cloudy",Becoming cloudy in the afternoon with rain.,rain,"72505394728,KLGA,KNYC,72503014732"
New York City,2015-03-26,15.9,5,9.2,15.9,3.9,8.9,7.1,86.5,5.717,100,25,rain,0,0,,18.1,28.2,1011,98.4,7,91.8,7.9,3,,2015-03-26T06:49:50,2015-03-26T19:14:17,0.21,"Rain, Overcast",Cloudy skies throughout the day with rain.,rain,"72505394728,KLGA,KNYC,72503014732"
New York City,2015-03-27,7.4,4,5.9,7.2,1.3,4.2,0.8,71.4,9.048,100,33.33,rain,0,0,27.7,13.3,341.5,1006.9,100,15,161.8,14,6,,2015-03-27T06:48:10,2015-03-27T19:15:20,0.25,"Rain, Overcast",Cloudy skies throughout the day with rain clearing later.,rain,"72505394728,KLGA,KNYC,72503014732"
New York City,2015-03-28,5.2,-1.5,2,3.1,-6.3,-1.9,-6.3,54.3,0,0,0,,0,0,37.3,22.3,338.2,1010.9,98.2,15.4,173.3,15.1,7,,2015-03-28T06:46:31,2015-03-28T19:16:24,0.27,Overcast,Cloudy skies throughout the day.,cloudy,"72505394728,KLGA,KNYC,72503014732"
New York City,2015-03-29,7.9,-3.6,1.6,6.1,-9.8,-1.9,-14,33.6,0,0,0,,0,0,37.1,20.4,307,1022.3,41.2,15.6,279.1,24.1,9,,2015-03-29T06:44:52,2015-03-29T19:17:27,0.31,Partially cloudy,Clearing in the afternoon.,partly-cloudy-day,"72505394728,KLGA,KNYC,72503014732"
New York City,2015-03-30,11.7,2.2,6.6,11.7,-0.7,4.5,-5.2,44.7,0,0,0,,0,0,51.6,29.5,255,1012.2,66.6,15.6,162.3,14,6,,2015-03-30T06:43:13,2015-03-30T19:18:30,0.34,Partially cloudy,Partly cloudy throughout the day.,partly-cloudy-day,"72505394728,KLGA,KNYC,72503014732"
New York City,2015-03-31,7.9,2.2,4.9,7.7,-1,2.4,-1.8,64.5,4.238,100,29.17,rain,0,0,114.8,17.9,317.7,1009.9,73.8,14.9,140.8,12.3,5,,2015-03-31T06:41:34,2015-03-31T19:19:33,0.37,"Rain, Partially cloudy",Partly cloudy throughout the day with rain.,rain,"72505394728,KLGA,KNYC,72503014732"
New York City,2015-04-01,10.2,0.3,4.9,10.2,-2.7,2.9,-7.1,45.7,0,0,0,,0,0,35.3,18.6,308.1,1016.8,14.4,16,280.9,24.2,9,,2015-04-01T06:39:56,2015-04-01T19:20:35,0.41,Clear,Clear conditions throughout the day.,clear-day,"72505394728,KLGA,KNYC,72503014732"
New York City,2015-04-02,18.4,5.5,11.6,18.4,4.2,11.2,-4.4,32.6,0,0,0,,0,0,43.1,27.7,213,1020.2,15.1,16,267.5,23.1,9,,2015-04-02T06:38:18,2015-04-02T19:21:38,0.44,Clear,Clear conditions throughout the day.,clear-day,"72505394728,KLGA,KNYC,72503014732"
New York City,2015-04-03,17.2,14.2,16.1,17.2,14.2,16.1,8.5,63.1,1.027,100,12.5,rain,0,0,38.9,31.7,232.9,1009.2,81.9,13.7,107.8,9.3,5,,2015-04-03T06:36:40,2015-04-03T19:22:41,0.47,"Rain, Partially cloudy",Partly cloudy throughout the day with afternoon rain.,rain,"72505394728,KLGA,KNYC,72503014732"
New York City,2015-04-04,14.9,6.8,10.4,14.9,4.5,8.4,-0.6,51.2,0.22,100,4.17,rain,0,0,68.4,35.3,300.3,1009,50.6,14.3,276.7,23.9,9,,2015-04-04T06:35:02,2015-04-04T19:23:44,0.5,"Rain, Partially cloudy",Partly cloudy throughout the day with morning rain.,rain,"72505394728,KLGA,KNYC,72503014732"
New York City,2015-04-05,15.8,5.8,10.1,15.8,3.4,9.3,-4.8,35.5,0,0,0,,0,0,59,37.1,271.4,1021.1,49.2,16,277.6,24,9,,2015-04-05T06:33:25,2015-04-05T19:24:47,0.54,Partially cloudy,Becoming cloudy in the afternoon.,partly-cloudy-day,"72505394728,KLGA,KNYC,72503014732"
New York City,2015-04-06,16.4,5.7,10.3,16.4,3.3,9.9,2.2,58.4,0,0,0,,0,0,35.3,15.5,63.1,1023.8,15.6,15.9,263.9,22.9,9,,2015-04-06T06:31:48,2015-04-06T19:25:50,0.58,Clear,Clear conditions throughout the day.,clear-day,"72505394728,KLGA,KNYC,72503014732"
New York City,2015-04-07,16.4,6.2,11.2,16.4,2.7,10.1,5,67.2,3.691,100,25,rain,0,0,36.6,21.9,66.7,1022.9,93.1,13.8,105,9.2,4,,2015-04-07T06:30:12,2015-04-07T19:26:52,0.61,"Rain, Overcast",Cloudy skies throughout the day with rain.,rain,"72505394728,KLGA,KNYC,72503014732"
New York City,2015-04-08,6.8,3,5.5,3.8,-1.8,1.8,0.1,69.4,0.38,100,8.33,rain,0,0,44.2,26.6,66.7,1026.4,100,15,56.6,4.8,2,,2015-04-08T06:28:35,2015-04-08T19:27:55,0.65,"Rain, Overcast",Cloudy skies throughout the day with early morning rain.,rain,"72505394728,KLGA,KNYC,72503014732"
New York City,2015-04-09,5.9,2.9,4,3.1,-1.8,0.3,1.3,82.9,0,0,0,,0,0,37.1,23.5,67.3,1025.3,100,12.8,56,4.8,2,,2015-04-09T06:27:00,2015-04-09T19:28:58,0.68,Overcast,Cloudy skies throughout the day.,cloudy,"72505394728,KLGA,KNYC,72503014732"
New York City,2015-04-10,13.5,4,7.9,13.5,1.5,7,6,88.1,4.861,100,20.83,rain,0,0,31.7,16.3,229.2,1014,95.5,8.2,203.7,17.8,7,,2015-04-10T06:25:25,2015-04-10T19:30:01,0.72,"Rain, Overcast",Cloudy skies throughout the day with rain clearing later.,rain,"72505394728,KLGA,KNYC,72503014732"
New York City,2015-04-11,13.4,8,11.9,13.4,5.3,11.6,0,45,0,0,0,,0,0,53.6,44.6,296.1,1014.8,19.2,15.9,292.8,25.4,9,,2015-04-11T06:23:50,2015-04-11T19:31:04,0.75,Clear,Clear conditions throughout the day.,clear-day,"72505394728,KLGA,KNYC,72503014732"
New York City,2015-04-12,18.7,6.3,11.1,18.7,4.8,10.5,-2.1,41.8,0,0,0,,0,0,35.3,15.6,269.1,1025.4,3.7,16,302.3,26.1,9,,2015-04-12T06:22:16,2015-04-12T19:32:06,0.79,Clear,Clear conditions throughout the day.,clear-day,"72505394728,KLGA,KNYC,72503014732"
New York City,2015-04-13,19.4,10,14.7,19.4,10,14.7,2.6,44.8,0,0,0,,0,0,47,25.9,187.7,1025.1,19.7,16,221.6,19.1,8,,2015-04-13T06:20:43,2015-04-13T19:33:09,0.82,Clear,Clear conditions throughout the day.,clear-day,"72505394728,KLGA,KNYC,72503014732"
New York City,2015-04-14,18,12.9,15.6,18,12.9,15.6,4.9,52.2,0.22,100,4.17,rain,0,0,31.7,13.7,294.8,1020.1,64.6,16,90.7,7.8,3,,2015-04-14T06:19:10,2015-04-14T19:34:12,0.86,"Rain, Partially cloudy",Partly cloudy throughout the day with morning rain.,rain,"72505394728,KLGA,KNYC,72503014732"
New York City,2015-04-15,21.4,10.8,16.1,21.4,10.8,16.1,-5.6,24.4,0,0,0,,0,0,49,28.2,358.4,1021.9,19.9,16,220.5,19.1,7,,2015-04-15T06:17:38,2015-04-15T19:35:15,0.89,Clear,Clear conditions throughout the day.,clear-day,"72505394728,KLGA,KNYC,72503014732"
New York City,2015-04-16,16.7,10.5,13.6,16.7,10.5,13.6,-4,31.6,0,0,0,,0,0,31.7,18.4,107.2,1029.3,23.5,16,238.3,20.6,8,,2015-04-16T06:16:07,2015-04-16T19:36:18,0.93,Partially cloudy,Partly cloudy throughout the day.,partly-cloudy-day,"72505394728,KLGA,KNYC,72503014732"
New York City,2015-04-17,21.3,12.9,16.6,21.3,12.9,16.6,10,66.1,1.749,100,12.5,rain,0,0,37.4,20.5,241.9,1017.3,79.9,15.4,195.8,16.9,7,,2015-04-17T06:14:36,2015-04-17T19:37:21,0.96,"Rain, Partially cloudy",Partly cloudy throughout the day with rain clearing later.,rain,"72505394728,KLGA,KNYC,72503014732"
New York City,2015-04-18,25.4,14.6,19.9,25.4,14.6,19.9,4.9,39.8,0,0,0,,0,0,40.7,18.2,307.1,1013.9,18.1,16,301.8,26.3,9,,2015-04-18T06:13:06,2015-04-18T19:38:24,0,Clear,Clear conditions throughout the day.,clear-day,"72505394728,KLGA,KNYC,72503014732"
New York City,2015-04-19,18,8.9,13.2,18,6.4,12.9,-1.7,37,0,0,0,,0,0,36.7,22.3,96.5,1022.3,20.9,16,271.9,23.7,9,,2015-04-19T06:11:37,2015-04-19T19:39:26,0.03,Partially cloudy,Partly cloudy throughout the day.,partly-cloudy-day,"72505394728,KLGA,KNYC,72503014732"
New York City,2015-04-20,13.6,8,10.7,13.6,5.2,9.7,8.8,88.3,29.627,100,41.67,rain,0,0,52.7,25.4,91.5,1009.8,94.7,7.1,120.9,10.3,4,,2015-04-20T06:10:08,2015-04-20T19:40:29,0.06,"Rain, Overcast",Cloudy skies throughout the day with a chance of rain throughout the day.,rain,"72505394728,KLGA,KNYC,72503014732"
New York City,2015-04-21,18.1,11,14.4,18.1,11,14.4,4.8,61.3,7.794,100,37.5,rain,0,0,42.6,31.7,275.2,1003.7,54.7,12,287.1,24.8,9,,2015-04-21T06:08:41,2015-04-21T19:41:32,0.09,"Rain, Partially cloudy",Partly cloudy throughout the day with rain clearing later.,rain,"72505394728,KLGA,KNYC,72503014732"
New York City,2015-04-22,20.2,11.1,14,20.2,11.1,14,2.2,46.2,1.736,100,20.83,rain,0,0,50.7,30.6,215.6,1005.4,46,15.4,267,22.9,8,,2015-04-22T06:07:14,2015-04-22T19:42:35,0.13,"Rain, Partially cloudy",Partly cloudy throughout the day with rain.,rain,"72505394728,KLGA,KNYC,72503014732"
New York City,2015-04-23,10.2,5.7,7.6,10.2,2.5,4.8,-4,44.4,0,0,0,,0,0,48.6,27.5,288.9,1007,50.9,16,254.4,21.9,7,,2015-04-23T06:05:48,2015-04-23T19:43:38,0.16,Partially cloudy,Partly cloudy throughout the day.,partly-cloudy-day,"72505394728,KLGA,KNYC,72503014732"
New York City,2015-04-24,10.5,3.9,6.2,10.5,-1.2,2.8,-7.3,37.8,0,0,0,,0,0,58.3,31.7,320.2,1011.2,63.5,16,264.7,22.8,8,,2015-04-24T06:04:24,2015-04-24T19:44:41,0.19,Partially cloudy,Partly cloudy throughout the day.,partly-cloudy-day,"72505394728,KLGA,KNYC,72503014732"
New York City,2015-04-25,15.5,3.5,9,15.5,-0.4,7.3,-4.8,39.2,0,0,0,,0,0,37.1,25.9,297.7,1009.7,12.9,16,282.3,24.5,9,,2015-04-25T06:03:00,2015-04-25T19:45:44,0.25,Clear,Clear conditions throughout the day.,clear-day,"72505394728,KLGA,KNYC,72503014732"
New York City,2015-04-26,16.2,8,12.3,16.2,6,11.7,-2.5,36.7,0,0,0,,0,0,38.9,29.5,30.4,1005,45.6,16,307.5,26.6,10,,2015-04-26T06:01:37,2015-04-26T19:46:46,0.26,Partially cloudy,Becoming cloudy in the afternoon.,partly-cloudy-day,"72505394728,KLGA,KNYC,72503014732"
New York City,2015-04-27,15.7,9.4,12.4,15.7,7.7,12.1,-0.7,40.9,0,0,0,,0,0,46.4,25.9,316.8,1004.7,84.7,16,283.3,24.5,9,,2015-04-27T06:00:15,2015-04-27T19:47:49,0.29,Partially cloudy,Partly cloudy throughout the day.,partly-cloudy-day,"72505394728,KLGA,KNYC,72503014732"
New York City,2015-04-28,20.8,10.2,15.5,20.8,10.2,15.5,1.6,41.1,0,0,0,,0,0,44.5,26.1,1.6,1007.2,37.9,16,315.9,27.4,10,,2015-04-28T05:58:54,2015-04-28T19:48:52,0.32,Partially cloudy,Partly cloudy throughout the day.,partly-cloudy-day,"72505394728,KLGA,KNYC,72503014732"
New York City,2015-04-29,24.7,11.1,17.3,24.7,11.1,17.3,3.3,42.2,0,0,0,,0,0,50,20.2,333.4,1005.5,18.7,16,315.6,27.3,9,,2015-04-29T05:57:35,2015-04-29T19:49:54,0.35,Clear,Clear conditions throughout the day.,clear-day,"72505394728,KLGA,KNYC,72503014732"
New York City,2015-04-30,18,8.7,12.7,18,6.1,12,3.7,56.2,0,0,0,,0,0,33.5,22.3,77.7,1008.9,41.7,16,274.8,23.8,8,,2015-04-30T05:56:16,2015-04-30T19:50:57,0.39,Partially cloudy,Partly cloudy throughout the day.,partly-cloudy-day,"72505394728,KLGA,KNYC,72503014732"
New York City,2015-05-01,15.8,9.2,11.6,15.8,7.4,11.3,4,59.9,0,0,0,,0,0,29.5,15.7,98,1014.3,84.7,16,226.8,19.6,7,,2015-05-01T05:54:59,2015-05-01T19:51:59,0.42,Partially cloudy,Partly cloudy throughout the day.,partly-cloudy-day,"72505394728,KLGA,KNYC,72503014732"
New York City,2015-05-02,21.2,9.2,12.8,21.2,8.7,12.7,4.4,58.1,0,0,0,,0,0,35.8,18.9,164.6,1015.2,31.4,15.9,323.8,27.8,10,,2015-05-02T05:53:42,2015-05-02T19:53:01,0.45,Partially cloudy,Partly cloudy throughout the day.,partly-cloudy-day,"72505394728,KLGA,KNYC,72503014732"
New York City,2015-05-03,25,10.7,17.1,25,10.7,17.1,3.2,41.4,0,0,0,,0,0,35.3,22.3,186.6,1018.3,19.2,16,314.5,26.9,10,,2015-05-03T05:52:27,2015-05-03T19:54:03,0.5,Clear,Clear conditions throughout the day.,clear-day,"72505394728,KLGA,KNYC,72503014732"
New York City,2015-05-04,28.6,13.7,21.3,27.3,13.7,21,7.1,43.8,0,0,0,,0,0,42.5,21.1,176.8,1021.4,7.8,15.3,320.5,27.6,9,,2015-05-04T05:51:14,2015-05-04T19:55:05,0.52,Clear,Clear conditions throughout the day.,clear-day,"72505394728,KLGA,KNYC,72503014732"
New York City,2015-05-05,28.1,18.9,22.8,27.5,18.9,22.7,10,44.6,0,0,0,,0,0,31.7,19.9,244.4,1021.5,40.3,16,224.1,19.4,7,,2015-05-05T05:50:01,2015-05-05T19:56:07,0.55,Partially cloudy,Partly cloudy throughout the day.,partly-cloudy-day,"72505394728,KLGA,KNYC,72503014732"
New York City,2015-05-06,21.8,16.1,19,21.8,16.1,19,5.5,41.7,0,0,0,,0,0,35.3,19.5,49.6,1024,69.2,16,158,13.6,5,,2015-05-06T05:48:50,2015-05-06T19:57:08,0.59,Partially cloudy,Partly cloudy throughout the day.,partly-cloudy-day,"72505394728,KLGA,KNYC,72503014732"
New York City,2015-05-07,25.5,13.1,18.7,25.5,13.1,18.7,6.9,49.3,0,0,0,,0,0,29.5,14.1,175.5,1022.3,6.1,15.9,330.4,28.6,10,,2015-05-07T05:47:40,2015-05-07T19:58:09,0.63,Clear,Clear conditions throughout the day.,clear-day,"72505394728,KLGA,KNYC,72503014732"
New York City,2015-05-08,26.9,13.2,19.3,26.9,13.2,19.3,11.4,63.6,0,0,0,,0,0,33.5,22.3,152.8,1020.7,13.8,10.8,328.3,28.5,9,,2015-05-08T05:46:32,2015-05-08T19:59:10,0.66,Clear,Clear conditions throughout the day.,clear-day,"72505394728,KLGA,KNYC,72503014732"
New York City,2015-05-09,19.4,13.3,15.9,19.4,13.3,15.9,12.7,81.1,0.08,100,4.17,rain,0,0,,13.1,67.5,1024.8,92.4,7.5,239.9,20.8,6,,2015-05-09T05:45:25,2015-05-09T20:00:11,0.7,"Rain, Overcast",Cloudy skies throughout the day with afternoon rain.,rain,"72505394728,KLGA,KNYC,72503014732"
New York City,2015-05-10,27.9,15.4,21.7,28.9,15.4,21.8,16.2,72.5,0,0,0,,0,0,29.5,27.7,190.2,1022.2,65,11.5,318.7,27.6,9,,2015-05-10T05:44:19,2015-05-10T20:01:11,0.73,Partially cloudy,Partly cloudy throughout the day.,partly-cloudy-day,"72505394728,KLGA,KNYC,72503014732"
New York City,2015-05-11,28,21.4,23.6,29,21.4,23.8,18.4,72.9,0,0,0,,0,0,37.1,27.7,182.4,1018.7,49.8,13.6,312.5,27,9,,2015-05-11T05:43:15,2015-05-11T20:02:11,0.75,Partially cloudy,Partly cloudy throughout the day.,partly-cloudy-day,"72505394728,KLGA,KNYC,72503014732"
New York City,2015-05-12,29.5,19.4,24.6,28.9,19.4,24.4,14.8,59,0,0,0,,0,0,53.6,35.3,263.4,1010.3,48.5,14,244.5,21.1,7,,2015-05-12T05:42:13,2015-05-12T20:03:11,0.8,Partially cloudy,Partly cloudy throughout the day.,partly-cloudy-day,"72505394728,KLGA,KNYC,72503014732"
New York City,2015-05-13,19.8,12.9,16.6,19.8,12.9,16.6,3.9,43.1,0,0,0,,0,0,46.4,25.9,312.4,1017.8,54.3,16,319.5,27.5,10,,2015-05-13T05:41:12,2015-05-13T20:04:10,0.84,Partially cloudy,Partly cloudy throughout the day.,partly-cloudy-day,"72505394728,KLGA,KNYC,72503014732"
New York City,2015-05-14,22.5,10.3,16,22.5,10.3,16,0.6,38.1,0,0,0,,0,0,31.7,22.3,4.5,1027.1,9.1,16,350.6,30.2,10,,2015-05-14T05:40:12,2015-05-14T20:05:09,0.87,Clear,Clear conditions throughout the day.,clear-day,"72505394728,KLGA,KNYC,72503014732"
New York City,2015-05-15,23.4,13,17.4,23.4,13,17.4,4.2,42.3,0,0,0,,0,0,49.7,19.3,209.3,1025,32.4,15.9,251.7,21.8,8,,2015-05-15T05:39:14,2015-05-15T20:06:07,0.91,Partially cloudy,Partly cloudy throughout the day.,partly-cloudy-day,"72505394728,KLGA,KNYC,72503014732"
New York City,2015-05-16,22.9,14.3,18.8,22.9,14.3,18.8,12.8,69.7,6.216,100,25,rain,0,0,,13,192.8,1021.1,77,13.4,189.1,16.3,6,,2015-05-16T05:38:18,2015-05-16T20:07:05,0.95,"Rain, Partially cloudy",Partly cloudy throughout the day with rain.,rain,"72505394728,KLGA,KNYC,72503014732"
New York City,2015-05-17,27.9,16.2,22.7,28.4,16.2,22.8,17.4,73.9,1.877,100,20.83,rain,0,0,,9.4,63.8,1019.8,56.2,10.6,256.2,22.1,8,,2015-05-17T05:37:23,2015-05-17T20:08:02,0.98,"Rain, Partially cloudy",Partly cloudy throughout the day with early morning rain.,rain,"72505394728,KLGA,KNYC,72503014732"
New York City,2015-05-18,23.6,15.4,18.1,23.6,15.4,18.1,13.7,76.3,0,0,0,,0,0,40.7,20.2,63,1020.6,77.1,11.3,274.7,23.9,9,,2015-05-18T05:36:30,2015-05-18T20:08:58,0,Partially cloudy,Partly cloudy throughout the day.,partly-cloudy-day,"72505394728,KLGA,KNYC,72503014732"
New York City,2015-05-19,26.3,14.4,18.6,26.3,14.4,18.6,14.4,77.5,0.08,100,4.17,rain,0,0,,13.7,80.7,1012.9,67.3,8.3,142.5,12.2,4,,2015-05-19T05:35:39,2015-05-19T20:09:55,0.05,"Rain, Partially cloudy",Partly cloudy throughout the day with early morning rain.,rain,"72505394728,KLGA,KNYC,72503014732"
New York City,2015-05-20,21.6,13.4,15.7,21.6,13.4,15.7,4.3,47.3,0,0,0,,0,0,50,29.5,315.9,1012.4,35.7,16,322.1,27.8,10,,2015-05-20T05:34:49,2015-05-20T20:10:50,0.08,Partially cloudy,Partly cloudy throughout the day.,partly-cloudy-day,"72505394728,KLGA,KNYC,72503014732"
New York City,2015-05-21,16.1,11.4,13.6,16.1,11.4,13.6,2.9,48.8,0,0,0,,0,0,,16.6,223.6,1014.7,74.9,16,196.3,16.9,6,,2015-05-21T05:34:01,2015-05-21T20:11:45,0.11,Partially cloudy,Partly cloudy throughout the day.,partly-cloudy-day,"72505394728,KLGA,KNYC,72503014732"
New York City,2015-05-22,22.5,12.7,17.5,22.5,12.7,17.5,4.7,45.3,0,0,0,,0,0,51,22.3,297.7,1013.4,59.5,16,338.1,29.3,10,,2015-05-22T05:33:15,2015-05-22T20:12:39,0.14,Partially cloudy,Becoming cloudy in the afternoon.,partly-cloudy-day,"72505394728,KLGA,KNYC,72503014732"
New York City,2015-05-23,20.5,9.5,14.7,20.5,8.1,14.6,-1.4,34.4,0,0,0,,0,0,56.7,21.3,306.1,1027,3,16,366.1,31.7,10,,2015-05-23T05:32:31,2015-05-23T20:13:32,0.18,Clear,Clear conditions throughout the day.,clear-day,"72505394728,KLGA,KNYC,72503014732"
New York City,2015-05-24,26.9,13.4,19.7,26.6,13.4,19.7,5.9,42.3,0,0,0,,0,0,38.9,27.7,214.1,1026.1,15.6,16,337.2,29.2,10,,2015-05-24T05:31:48,2015-05-24T20:14:24,0.21,Clear,Clear conditions throughout the day.,clear-day,"72505394728,KLGA,KNYC,72503014732"
New York City,2015-05-25,28.9,18.4,23.5,28.6,18.4,23.4,12.5,51,0,0,0,,0,0,40.7,24.1,196.4,1023.3,20.6,16,290.2,25.1,8,,2015-05-25T05:31:08,2015-05-25T20:15:16,0.25,Partially cloudy,Partly cloudy throughout the day.,partly-cloudy-day,"72505394728,KLGA,KNYC,72503014732"
New York City,2015-05-26,30.3,19.4,24.3,30.3,19.4,24.3,14.4,54.7,0,0,0,,0,0,37.1,25.9,203.9,1021.7,17.1,16,251.8,21.7,9,,2015-05-26T05:30:29,2015-05-26T20:16:06,0.27,Clear,Clear conditions throughout the day.,clear-day,"72505394728,KLGA,KNYC,72503014732"
New York City,2015-05-27,28.1,21.1,23.7,29.4,21.1,23.8,17.5,69,1.688,100,12.5,rain,0,0,42.5,35.3,189.2,1020.6,53.5,14.2,302.7,25.9,9,,2015-05-27T05:29:52,2015-05-27T20:16:56,0.31,"Rain, Partially cloudy",Partly cloudy throughout the day with late afternoon rain.,rain,"72505394728,KLGA,KNYC,72503014732"
New York City,2015-05-28,28.4,21,24.5,29.9,21,24.8,17.6,67.4,0,0,0,,0,0,27.7,14.6,187.4,1020.7,54.4,13.4,237.6,20.6,7,,2015-05-28T05:29:17,2015-05-28T20:17:45,0.34,Partially cloudy,Partly cloudy throughout the day.,partly-cloudy-day,"72505394728,KLGA,KNYC,72503014732"
New York City,2015-05-29,28.4,18.4,22.3,27.9,18.4,22.3,12.5,54.9,0,0,0,,0,0,25.9,15.6,75.3,1024.6,12.3,16,344.8,29.8,10,,2015-05-29T05:28:44,2015-05-29T20:18:33,0.37,Clear,Clear conditions throughout the day.,clear-day,"72505394728,KLGA,KNYC,72503014732"
New York City,2015-05-30,28.6,19.2,23.5,29.4,19.2,23.6,16.9,67.7,0,0,0,,0,0,46.4,21.1,182.9,1020.8,19.4,15.9,346.7,29.9,10,,2015-05-30T05:28:12,2015-05-30T20:19:19,0.4,Clear,Clear conditions throughout the day.,clear-day,"72505394728,KLGA,KNYC,72503014732"
New York City,2015-05-31,29.7,16.8,22.9,30.9,16.8,23,17.6,73.3,34.211,100,37.5,rain,0,0,42.5,18,170.4,1017.5,62.1,13.7,321.4,27.8,9,,2015-05-31T05:27:43,2015-05-31T20:20:05,0.44,"Rain, Partially cloudy",Partly cloudy throughout the day with rain.,rain,"72505394728,KLGA,KNYC,72503014732"
New York City,2015-06-01,14.8,11.6,13.3,14.8,11.6,13.3,11.7,90.2,20.507,100,58.33,rain,0,0,40.7,27.7,65,1019.8,100,8.3,158.5,13.7,6,,2015-06-01T05:27:15,2015-06-01T20:20:49,0.47,"Rain, Overcast",Cloudy skies throughout the day with a chance of rain throughout the day.,rain,"72505394728,KLGA,KNYC,72503014732"
New York City,2015-06-02,12.4,10,11.3,12.4,7.7,11.1,9.6,89,10.43,100,83.33,rain,0,0,35.3,24.8,52.8,1020.5,100,10.7,96,8.3,3,,2015-06-02T05:26:50,2015-06-02T20:21:33,0.5,"Rain, Overcast",Cloudy skies throughout the day with a chance of rain throughout the day.,rain,"72505394728,KLGA,KNYC,72503014732"
New York City,2015-06-03,20.7,11.3,14.8,20.7,11.3,14.8,9.6,72.6,0,0,0,,0,0,29.5,13.7,88.6,1022.9,68.4,15.5,261.6,22.6,9,,2015-06-03T05:26:27,2015-06-03T20:22:15,0.54,Partially cloudy,Partly cloudy throughout the day.,partly-cloudy-day,"72505394728,KLGA,KNYC,72503014732"
New York City,2015-06-04,17.7,12.4,14.6,17.7,12.4,14.6,8.9,68.8,0,0,0,,0,0,,17,72.3,1024.3,65.8,16,192.5,16.7,6,,2015-06-04T05:26:05,2015-06-04T20:22:55,0.57,Partially cloudy,Partly cloudy throughout the day.,partly-cloudy-day,"72505394728,KLGA,KNYC,72503014732"
New York City,2015-06-05,20.5,13,15.6,20.5,13,15.6,11.1,74.5,2.206,100,16.67,rain,0,0,,12.6,61.6,1018.3,88.2,13.6,102.4,8.9,3,,2015-06-05T05:25:45,2015-06-05T20:23:35,0.61,"Rain, Partially cloudy",Partly cloudy throughout the day with rain in the morning and afternoon.,rain,"72505394728,KLGA,KNYC,72503014732"
New York City,2015-06-06,23.7,15.6,19.1,23.7,15.6,19.1,10.5,64.8,7.103,100,12.5,rain,0,0,41.1,20.7,13.7,1013.7,63.4,12.8,126.8,10.9,4,,2015-06-06T05:25:28,2015-06-06T20:24:13,0.64,"Rain, Partially cloudy",Partly cloudy throughout the day with rain clearing later.,rain,"72505394728,KLGA,KNYC,72503014732"
New York City,2015-06-07,22.5,13.5,18.2,22.5,13.5,18.2,5.6,43.9,0,0,0,,0,0,42.5,27.7,159.3,1020.8,13.7,16,362.9,31.2,10,,2015-06-07T05:25:12,2015-06-07T20:24:50,0.68,Clear,Clear conditions throughout the day.,clear-day,"72505394728,KLGA,KNYC,72503014732"
New York City,2015-06-08,25.8,17.2,20.7,25.8,17.2,20.7,14.1,66.2,0.52,100,16.67,rain,0,0,47.9,22.3,183.5,1013.7,67.2,15.7,330.3,28.4,9,,2015-06-08T05:24:59,2015-06-08T20:25:25,0.72,"Rain, Partially cloudy",Clearing in the afternoon with rain.,rain,"72505394728,KLGA,KNYC,72503014732"
New York City,2015-06-09,28.3,20,23.5,28.6,20,23.6,16.8,68.9,1.277,100,12.5,rain,0,0,41.5,21.1,235.4,1005.9,68.2,14.5,304,26.3,9,,2015-06-09T05:24:47,2015-06-09T20:25:59,0.75,"Rain, Partially cloudy",Partly cloudy throughout the day with early morning rain.,rain,"72505394728,KLGA,KNYC,72503014732"
New York City,2015-06-10,27.7,19,23.5,27.3,19,23.5,13.6,54.7,0,0,0,,0,0,38.9,25.9,233.4,1010.8,13.6,15.8,349.2,30,10,,2015-06-10T05:24:38,2015-06-10T20:26:31,0.79,Clear,Clear conditions throughout the day.,clear-day,"72505394728,KLGA,KNYC,72503014732"
New York City,2015-06-11,32,22.2,27.3,33.6,22.2,28,17.4,55.3,0,0,0,,0,0,33.5,16.6,234.9,1011.5,34,12.5,210.7,18.3,7,,2015-06-11T05:24:30,2015-06-11T20:27:02,0.82,Partially cloudy,Becoming cloudy in the afternoon.,partly-cloudy-day,"72505394728,KLGA,KNYC,72503014732"
New York City,2015-06-12,30,23.4,27.2,32,23.4,28.2,17.8,56.6,0,0,0,,0,0,37.1,15.2,119.3,1012.7,25.9,13.8,286.4,24.7,9,,2015-06-12T05:24:24,2015-06-12T20:27:31,0.86,Partially cloudy,Partly cloudy throughout the day.,partly-cloudy-day,"72505394728,KLGA,KNYC,72503014732"
New York City,2015-06-13,29.1,24.4,26.8,30.3,24.4,27,15.2,50.4,0,0,0,,0,0,37.1,20.6,334.2,1012.9,41.4,16,300.3,26,8,,2015-06-13T05:24:20,2015-06-13T20:27:58,0.89,Partially cloudy,Clearing in the afternoon.,partly-cloudy-day,"72505394728,KLGA,KNYC,72503014732"
New York City,2015-06-14,30.2,19.5,25,29.8,19.5,24.9,14.7,54.2,1.649,100,4.17,rain,0,0,35.3,18.4,151.7,1016.9,32.2,15.6,289.1,25,9,,2015-06-14T05:24:19,2015-06-14T20:28:24,0.93,"Rain, Partially cloudy",Partly cloudy throughout the day with late afternoon rain.,rain,"72505394728,KLGA,KNYC,72503014732"
New York City,2015-06-15,27.4,17.7,20.9,29.6,17.7,21,18.7,87.7,21.408,100,54.17,rain,0,0,40.7,21.6,78.7,1014.5,99.1,7,248.7,21.7,7,,2015-06-15T05:24:19,2015-06-15T20:28:48,0.97,"Rain, Overcast",Cloudy skies throughout the day with a chance of rain throughout the day.,rain,"72505394728,KLGA,KNYC,72503014732"
New York City,2015-06-16,25.8,18.2,21.6,25.8,18.2,21.6,18,80.4,7.385,100,12.5,rain,0,0,35.3,10.8,7.3,1012.3,78.7,10.8,268.9,23.1,7,,2015-06-16T05:24:21,2015-06-16T20:29:11,0,"Rain, Partially cloudy",Partly cloudy throughout the day with rain.,rain,"72505394728,KLGA,KNYC,72503014732"
New York City,2015-06-17,26.6,19.4,22.4,26.6,19.4,22.4,14.5,61.6,0,0,0,,0,0,25.9,20.5,56.7,1018.5,30.2,15.5,336.8,29.2,9,,2015-06-17T05:24:25,2015-06-17T20:29:31,0.03,Partially cloudy,Becoming cloudy in the afternoon.,partly-cloudy-day,"72505394728,KLGA,KNYC,72503014732"
New York City,2015-06-18,20.6,18,19.3,20.6,18,19.3,14.6,74.4,0,0,0,,0,0,,18.4,161.8,1017.7,91.7,15.7,205.4,17.8,7,,2015-06-18T05:24:31,2015-06-18T20:29:50,0.07,Overcast,Cloudy skies throughout the day.,cloudy,"72505394728,KLGA,KNYC,72503014732"
New York City,2015-06-19,29,19.4,24.3,29.3,19.4,24.5,17,65.5,0,0,0,,0,0,35.3,15.5,338.8,1012.9,72.5,15.4,274.3,23.7,9,,2015-06-19T05:24:39,2015-06-19T20:30:07,0.1,Partially cloudy,Partly cloudy throughout the day.,partly-cloudy-day,"72505394728,KLGA,KNYC,72503014732"
New York City,2015-06-20,24.7,18.2,20.3,24.7,18.2,20.3,14.5,70.9,0,0,0,,0,0,35.3,18.9,60.9,1016.9,91.1,11.7,159.5,13.7,5,,2015-06-20T05:24:49,2015-06-20T20:30:23,0.13,Overcast,Cloudy skies throughout the day.,cloudy,"72505394728,KLGA,KNYC,72503014732"
New York City,2015-06-21,31.3,20.8,25.3,32.5,20.8,25.8,19.9,74.3,15.32,100,33.33,rain,0,0,66.6,19.5,287,1007.4,78.1,11.1,262.3,22.6,9,,2015-06-21T05:25:00,2015-06-21T20:30:36,0.16,"Rain, Partially cloudy",Partly cloudy throughout the day with rain.,rain,"72505394728,KLGA,KNYC,72503014732"
New York City,2015-06-22,30.3,22,26.3,30,22,26.2,16.1,55.9,0,0,0,,0,0,38.9,25.9,292.8,1013.4,22.2,15.9,350.8,30.3,10,,2015-06-22T05:25:14,2015-06-22T20:30:47,0.2,Partially cloudy,Partly cloudy throughout the day.,partly-cloudy-day,"72505394728,KLGA,KNYC,72503014732"
New York City,2015-06-23,31.8,24.7,27.9,35.2,24.7,29.5,20,62.7,0.878,100,8.33,rain,0,0,79.6,31.7,227.4,1010.7,35.8,14.6,169.6,14.6,5,,2015-06-23T05:25:29,2015-06-23T20:30:57,0.23,"Rain, Partially cloudy",Becoming cloudy in the afternoon with late afternoon rain.,rain,"72505394728,KLGA,KNYC,72503014732"
New York City,2015-06-24,28.4,20.2,24.7,27.8,20.2,24.6,12.9,49.1,0,0,0,,0,0,38.9,20.5,324.5,1014.8,16.1,16,356.1,30.7,10,,2015-06-24T05:25:46,2015-06-24T20:31:05,0.25,Clear,Clear conditions throughout the day.,clear-day,"72505394728,KLGA,KNYC,72503014732"
New York City,2015-06-25,28.4,19.5,24,27.4,19.5,23.9,10.7,43.9,0,0,0,,0,0,33.5,15,238.1,1016.5,31.1,16,318.6,27.5,9,,2015-06-25T05:26:05,2015-06-25T20:31:10,0.29,Partially cloudy,Partly cloudy throughout the day.,partly-cloudy-day,"72505394728,KLGA,KNYC,72503014732"
New York City,2015-06-26,26.2,21.3,23.4,26.2,21.3,23.4,14.2,57,0,0,0,,0,0,33.5,22,66.1,1014.9,65.9,16,286,24.7,9,,2015-06-26T05:26:25,2015-06-26T20:31:14,0.32,Partially cloudy,Partly cloudy throughout the day.,partly-cloudy-day,"72505394728,KLGA,KNYC,72503014732"
New York City,2015-06-27,21.4,15.2,19.2,21.4,15.2,19.2,13.2,69.5,22.622,100,33.33,rain,0,0,37.2,24.8,91.4,1017.8,86.9,13.5,116.9,10.1,4,,2015-06-27T05:26:47,2015-06-27T20:31:16,0.36,"Rain, Partially cloudy",Partly cloudy throughout the day with rain.,rain,"72505394728,KLGA,KNYC,72503014732"
New York City,2015-06-28,22.5,16.3,19.2,22.5,16.3,19.2,15.7,81.8,12.798,100,37.5,rain,0,0,46.4,28.5,54.1,1006,98.6,10.7,312.4,27,9,,2015-06-28T05:27:11,2015-06-28T20:31:16,0.39,"Rain, Overcast",Cloudy skies throughout the day with rain clearing later.,rain,"72505394728,KLGA,KNYC,72503014732"
New York City,2015-06-29,24.5,17.4,21.5,24.5,17.4,21.5,12.6,57.2,0,0,0,,0,0,47.9,18.6,264.1,1011.3,46.1,16,351.5,30.3,10,,2015-06-29T05:27:36,2015-06-29T20:31:13,0.42,Partially cloudy,Partly cloudy throughout the day.,partly-cloudy-day,"72505394728,KLGA,KNYC,72503014732"
New York City,2015-06-30,27.2,20,23.8,27.1,20,23.8,15.3,59.9,0,0,0,,0,0,46,29.5,175.1,1013.5,41.3,16,325.8,28.1,9,,2015-06-30T05:28:03,2015-06-30T20:31:09,0.45,Partially cloudy,Partly cloudy throughout the day.,partly-cloudy-day,"72505394728,KLGA,KNYC,72503014732"
New York City,2015-07-01,28,20.9,24.5,28.4,20.9,24.6,17.4,67,10.543,100,16.67,rain,0,0,44.6,27.7,238.8,1008.7,67,12.1,241.7,21,9,,2015-07-01T05:28:31,2015-07-01T20:31:02,0.5,"Rain, Partially cloudy",Partly cloudy throughout the day with rain clearing later.,rain,"72505394728,KLGA,KNYC,72503014732"
New York City,2015-07-02,26.4,20.9,23.5,26.4,20.9,23.5,14.5,57.5,0,0,0,,0,0,31.7,13.1,307.5,1011.7,33.4,15.6,121.5,10.7,5,,2015-07-02T05:29:01,2015-07-02T20:30:54,0.52,Partially cloudy,Partly cloudy throughout the day.,partly-cloudy-day,"72505394728,KLGA,KNYC,72503014732"
New York City,2015-07-03,26.8,19,23,26.6,19,23,12.3,52,0,0,0,,0,0,,20.5,25.1,1014.1,18.4,15.8,292.2,25.1,9,,2015-07-03T05:29:32,2015-07-03T20:30:43,0.56,Clear,Clear conditions throughout the day.,clear-day,"72505394728,KLGA,KNYC,72503014732"
New York City,2015-07-04,23.5,21.2,22.1,23.5,21.2,22.1,14.1,60.8,0,0,0,,0,0,,15,65.7,1014.5,72.2,15.8,246.6,21.5,7,,2015-07-04T05:30:05,2015-07-04T20:30:31,0.59,Partially cloudy,Partly cloudy throughout the day.,partly-cloudy-day,"72505394728,KLGA,KNYC,72503014732"
New York City,2015-07-05,28.5,20.8,24,28.6,20.8,24.2,15.7,60.3,0,0,0,,0,0,29.5,14.8,260,1018.9,41.3,15,309.7,26.6,9,,2015-07-05T05:30:40,2015-07-05T20:30:17,0.63,Partially cloudy,Clearing in the afternoon.,partly-cloudy-day,"72505394728,KLGA,KNYC,72503014732"
New York City,2015-07-06,28.2,22.4,24.9,28.9,22.4,25.1,18.3,67.2,0,0,0,,0,0,33.5,14.4,165.1,1020.4,52.7,14.4,192.1,16.5,5,,2015-07-06T05:31:15,2015-07-06T20:30:00,0.66,Partially cloudy,Partly cloudy throughout the day.,partly-cloudy-day,"72505394728,KLGA,KNYC,72503014732"
New York City,2015-07-07,29.5,23.9,26.7,32.3,23.9,28.1,21.3,72.8,2.197,100,8.33,rain,0,0,35.3,27.7,185.5,1016,66,14.2,300.2,25.9,9,,2015-07-07T05:31:52,2015-07-07T20:29:42,0.7,"Rain, Partially cloudy",Partly cloudy throughout the day with rain.,rain,"72505394728,KLGA,KNYC,72503014732"
New York City,2015-07-08,29.8,24.8,26.9,32.4,24.8,27.8,20.8,69.6,0.615,100,12.5,rain,0,0,33.5,19.5,253.1,1013.7,45.7,12.9,191,16.7,5,,2015-07-08T05:32:31,2015-07-08T20:29:21,0.75,"Rain, Partially cloudy",Partly cloudy throughout the day with rain.,rain,"72505394728,KLGA,KNYC,72503014732"
New York City,2015-07-09,25.3,20,23.1,25.3,20,23.1,17.8,72.4,10.147,100,29.17,rain,0,0,,16.6,81.4,1013.8,80.5,11.6,300.1,25.8,9,,2015-07-09T05:33:10,2015-07-09T20:28:59,0.77,"Rain, Partially cloudy",Partly cloudy throughout the day with rain.,rain,"72505394728,KLGA,KNYC,72503014732"
New York City,2015-07-10,28.4,22.2,25.1,28.2,22.2,25,16.2,60.6,0,0,0,,0,0,38.9,20,340.6,1013.1,53.5,14.9,340.5,29.4,10,,2015-07-10T05:33:51,2015-07-10T20:28:35,0.81,Partially cloudy,Clearing in the afternoon.,partly-cloudy-day,"72505394728,KLGA,KNYC,72503014732"
New York City,2015-07-11,30.3,21.4,25.9,29.2,21.4,25.7,13.2,46.3,0,0,0,,0,0,,13,50.6,1017.6,17.4,15.8,324.7,27.9,9,,2015-07-11T05:34:33,2015-07-11T20:28:08,0.84,Clear,Clear conditions throughout the day.,clear-day,"72505394728,KLGA,KNYC,72503014732"
New York City,2015-07-12,31.2,23,26.9,30.4,23,26.8,15.3,50.2,0,0,0,,0,0,,12.3,238,1016.1,16.7,15.8,305.6,26.5,9,,2015-07-12T05:35:16,2015-07-12T20:27:40,0.88,Clear,Clear conditions throughout the day.,clear-day,"72505394728,KLGA,KNYC,72503014732"
New York City,2015-07-13,29.7,23.5,26.1,30.1,23.5,26.3,15.8,53.7,0,0,0,,0,0,,15.6,161.3,1012,20.6,15.4,287.6,24.8,8,,2015-07-13T05:36:00,2015-07-13T20:27:09,0.91,Partially cloudy,Partly cloudy throughout the day.,partly-cloudy-day,"72505394728,KLGA,KNYC,72503014732"
New York City,2015-07-14,25.8,22.9,24.3,25.8,22.9,24.3,19.3,74.2,14.277,100,16.67,rain,0,0,40.7,15.1,145.2,1004.5,60.9,14.2,166.8,14.3,6,,2015-07-14T05:36:45,2015-07-14T20:26:37,0.95,"Rain, Partially cloudy",Partly cloudy throughout the day with afternoon rain.,rain,"72505394728,KLGA,KNYC,72503014732"
New York City,2015-07-15,26.7,23.2,24.7,27.9,23.2,24.8,19.9,76,2.308,100,12.5,rain,0,0,42.5,16.8,16.4,1004.2,83.5,10.7,90.1,7.8,3,,2015-07-15T05:37:31,2015-07-15T20:26:03,0,"Rain, Partially cloudy",Partly cloudy throughout the day with rain in the morning and afternoon.,rain,"72505394728,KLGA,KNYC,72503014732"
New York City,2015-07-16,26.1,18,22.2,26.1,18,22.2,9.6,45.3,0,0,0,,0,0,31.7,20.8,44.6,1016.1,32.9,16,344.3,29.7,10,,2015-07-16T05:38:18,2015-07-16T20:25:26,0.02,Partially cloudy,Clearing in the afternoon.,partly-cloudy-day,"72505394728,KLGA,KNYC,72503014732"
New York City,2015-07-17,26.1,19.7,22.8,26.1,19.7,22.8,14.7,60.4,0,0,0,,0,0,40.7,20.5,204.9,1018.3,29.5,15.9,329.1,28.4,9,,2015-07-17T05:39:06,2015-07-17T20:24:48,0.05,Partially cloudy,Becoming cloudy in the afternoon.,partly-cloudy-day,"72505394728,KLGA,KNYC,72503014732"
New York City,2015-07-18,29,22.1,25.3,31.9,22.1,26.3,19.7,71.5,7.183,100,8.33,rain,0,0,35.3,20.5,191.6,1013.9,80.4,14.4,170.1,14.6,6,,2015-07-18T05:39:55,2015-07-18T20:24:08,0.08,"Rain, Partially cloudy",Partly cloudy throughout the day with morning rain.,rain,"72505394728,KLGA,KNYC,72503014732"
New York City,2015-07-19,33.8,25.8,29.9,38.4,25.8,32.4,21.2,60.5,0,0,0,,0,0,33.5,14.8,206.6,1009.6,21,15.6,272.6,23.4,9,,2015-07-19T05:40:44,2015-07-19T20:23:26,0.12,Partially cloudy,Partly cloudy throughout the day.,partly-cloudy-day,"72505394728,KLGA,KNYC,72503014732"
New York City,2015-07-20,34,28,31.1,36.2,30.5,33.3,20.2,53,0,0,0,,0,0,31.7,22.3,278,1005.6,33,15.1,291.1,25.1,9,,2015-07-20T05:41:34,2015-07-20T20:22:43,0.15,Partially cloudy,Becoming cloudy in the afternoon.,partly-cloudy-day,"72505394728,KLGA,KNYC,72503014732"
New York City,2015-07-21,31.2,25.5,28.4,31.3,25.5,29,17.8,53.3,0,0,0,,0,0,46.4,15.8,284.2,1003.5,50.5,15.5,216,18.8,7,,2015-07-21T05:42:26,2015-07-21T20:21:57,0.18,Partially cloudy,Partly cloudy throughout the day.,partly-cloudy-day,"72505394728,KLGA,KNYC,72503014732"
New York City,2015-07-22,29.2,21.3,25.1,28,21.3,24.8,10.9,42.3,0,0,0,,0,0,44.6,22,305.7,1007.5,13.3,16,344.5,29.8,10,,2015-07-22T05:43:17,2015-07-22T20:21:10,0.21,Clear,Clear conditions throughout the day.,clear-day,"72505394728,KLGA,KNYC,72503014732"
New York City,2015-07-23,28.6,20.5,24.9,27.6,20.5,24.5,9.8,39.6,0,0,0,,0,0,37.1,27.7,307.8,1012.5,19.1,16,298.7,25.9,10,,2015-07-23T05:44:10,2015-07-23T20:20:20,0.25,Clear,Clear conditions throughout the day.,clear-day,"72505394728,KLGA,KNYC,72503014732"
New York City,2015-07-24,29.7,21.4,25.6,28.2,21.4,25.2,9.8,37.8,0,0,0,,0,0,25.9,12,43.5,1013.4,33.8,16,323.9,28,10,,2015-07-24T05:45:03,2015-07-24T20:19:30,0.25,Partially cloudy,Partly cloudy throughout the day.,partly-cloudy-day,"72505394728,KLGA,KNYC,72503014732"
New York City,2015-07-25,29.9,20.9,25.6,29.2,20.9,25.4,13.4,47.7,0,0,0,,0,0,31.7,18.4,154.8,1015,17.1,16,338.1,29.2,10,,2015-07-25T05:45:56,2015-07-25T20:18:37,0.31,Clear,Clear conditions throughout the day.,clear-day,"72505394728,KLGA,KNYC,72503014732"
New York City,2015-07-26,30.9,23.6,26.8,31.4,23.6,27.1,16.4,53.2,0.348,100,4.17,rain,0,0,39.1,20.5,194.4,1014.7,58.1,15.9,306.6,26.4,9,,2015-07-26T05:46:50,2015-07-26T20:17:43,0.34,"Rain, Partially cloudy",Partly cloudy throughout the day with afternoon rain.,rain,"72505394728,KLGA,KNYC,72503014732"
New York City,2015-07-27,29.2,22.8,25.9,30.6,22.8,26.4,18.7,64.9,6.666,100,4.17,rain,0,0,35.3,29.5,191.2,1015.7,60.1,14.7,231.2,19.9,7,,2015-07-27T05:47:45,2015-07-27T20:16:47,0.38,"Rain, Partially cloudy",Partly cloudy throughout the day with early morning rain.,rain,"72505394728,KLGA,KNYC,72503014732"
New York City,2015-07-28,34.7,24,28.6,34.4,24,29,18.4,56.5,0,0,0,,0,0,,13,204.1,1015,24.2,15.3,318.8,27.7,9,,2015-07-28T05:48:40,2015-07-28T20:15:49,0.41,Partially cloudy,Partly cloudy throughout the day.,partly-cloudy-day,"72505394728,KLGA,KNYC,72503014732"
New York City,2015-07-29,34.2,26.1,29.9,34.7,26.1,31.2,19,53.3,0,0,0,,0,0,37.1,18.4,221,1014.1,16.3,15.1,288.7,25,8,,2015-07-29T05:49:36,2015-07-29T20:14:50,0.44,Clear,Clear conditions throughout the day.,clear-day,"72505394728,KLGA,KNYC,72503014732"
New York City,2015-07-30,28.6,24.2,26.6,31.9,24.2,28,22.2,77.4,47.31,100,33.33,rain,0,0,55.4,15.1,222.1,1011.4,67.8,11.1,269.1,23.1,8,,2015-07-30T05:50:32,2015-07-30T20:13:49,0.47,"Rain, Partially cloudy",Partly cloudy throughout the day with rain.,rain,"72505394728,KLGA,KNYC,72503014732"
New York City,2015-07-31,31.7,23.1,27.4,30.5,23.1,27,15,50.3,0,0,0,,0,0,35.3,18.4,295,1010.3,15.1,14.8,333.1,28.7,10,,2015-07-31T05:51:28,2015-07-31T20:12:46,0.5,Clear,Clear conditions throughout the day.,clear-day,"72505394728,KLGA,KNYC,72503014732"
New York City,2015-08-01,31.4,24.2,27.7,30.4,24.2,27.5,14.1,44.1,0,0,0,,0,0,37.1,22.3,267.2,1009,32.6,16,320.6,27.8,9,,2015-08-01T05:52:25,2015-08-01T20:11:42,0.54,Partially cloudy,Partly cloudy throughout the day.,partly-cloudy-day,"72505394728,KLGA,KNYC,72503014732"
New York City,2015-08-02,31,22.1,26.6,29.8,22.1,26.4,13.8,46.4,0,0,0,,0,0,37.1,22.3,192.3,1011.9,17.6,16,320.1,27.8,9,,2015-08-02T05:53:22,2015-08-02T20:10:37,0.58,Clear,Clear conditions throughout the day.,clear-day,"72505394728,KLGA,KNYC,72503014732"
New York City,2015-08-03,31.8,24,28,31.5,24,28,15.4,46.6,0,0,0,,0,0,42.5,22.3,210.8,1009.7,19.4,16,304.8,26.4,9,,2015-08-03T05:54:19,2015-08-03T20:09:30,0.61,Clear,Clear conditions throughout the day.,clear-day,"72505394728,KLGA,KNYC,72503014732"
New York City,2015-08-04,31.7,21.1,27.3,31.5,21.1,27.2,15.7,52.4,9.167,100,12.5,rain,0,0,61.1,31.7,259.1,1010.6,24,15.3,284.7,24.6,9,,2015-08-04T05:55:17,2015-08-04T20:08:21,0.65,"Rain, Partially cloudy",Partly cloudy throughout the day with rain clearing later.,rain,"72505394728,KLGA,KNYC,72503014732"
New York City,2015-08-05,30.3,22.7,26.2,29.4,22.7,25.9,13.3,46.1,0,0,0,,0,0,37.1,25.9,304.1,1012.3,29.4,16,292,25.1,9,,2015-08-05T05:56:14,2015-08-05T20:07:11,0.68,Partially cloudy,Becoming cloudy in the afternoon.,partly-cloudy-day,"72505394728,KLGA,KNYC,72503014732"
New York City,2015-08-06,27.7,20.3,24.2,27.1,20.3,24.1,11.2,44.7,0,0,0,,0,0,29.5,14.8,325.1,1014,20.1,16,256.5,21.9,9,,2015-08-06T05:57:12,2015-08-06T20:06:00,0.75,Partially cloudy,Becoming cloudy in the afternoon.,partly-cloudy-day,"72505394728,KLGA,KNYC,72503014732"
New York City,2015-08-07,28.2,21,24.5,27.6,21,24.4,12.8,48.8,0,0,0,,0,0,,20.5,63.5,1012.7,17.8,16,186.6,16.2,6,,2015-08-07T05:58:10,2015-08-07T20:04:47,0.75,Clear,Clear conditions throughout the day.,clear-day,"72505394728,KLGA,KNYC,72503014732"
New York City,2015-08-08,27.2,20.3,23.7,27.1,20.3,23.7,13.2,52.5,0,0,0,,0,0,,14.8,71.2,1014.5,19,16,239.5,20.5,9,,2015-08-08T05:59:09,2015-08-08T20:03:33,0.79,Clear,Clear conditions throughout the day.,clear-day,"72505394728,KLGA,KNYC,72503014732"
New York City,2015-08-09,28.7,20.5,23.9,27.9,20.5,23.8,14.3,56,0,0,0,,0,0,29.5,15.5,92.2,1015.8,29,16,309.7,26.8,9,,2015-08-09T06:00:07,2015-08-09T20:02:18,0.83,Partially cloudy,Partly cloudy throughout the day.,partly-cloudy-day,"72505394728,KLGA,KNYC,72503014732"
New York City,2015-08-10,27.5,21.3,23.9,27.4,21.3,23.9,15.6,60.5,0,0,0,,0,0,35.3,24.1,163.4,1016.8,62.7,16,309.2,26.8,9,,2015-08-10T06:01:06,2015-08-10T20:01:02,0.86,Partially cloudy,Partly cloudy throughout the day.,partly-cloudy-day,"72505394728,KLGA,KNYC,72503014732"
New York City,2015-08-11,26.4,21.8,24.1,26.4,21.8,24.1,19.5,75.8,30.009,100,33.33,rain,0,0,48.1,18.4,196.8,1009.4,89,13.3,191.3,16.3,7,,2015-08-11T06:02:05,2015-08-11T19:59:44,0.9,"Rain, Partially cloudy",Partly cloudy throughout the day with a chance of rain throughout the day.,rain,"72505394728,KLGA,KNYC,72503014732"
New York City,2015-08-12,28.4,21.8,25.1,28,21.8,25,15,55.1,0,0,0,,0,0,29.7,20.5,305.5,1010.3,30.5,16,313.5,27.1,9,,2015-08-12T06:03:03,2015-08-12T19:58:25,0.93,Partially cloudy,Partly cloudy throughout the day.,partly-cloudy-day,"72505394728,KLGA,KNYC,72503014732"
New York City,2015-08-13,28,20.2,24.2,27.2,20.2,24.1,11.7,47.2,0,0,0,,0,0,25.9,14.8,317.6,1016.4,28.3,16,317.3,27.4,9,,2015-08-13T06:04:02,2015-08-13T19:57:05,0.97,Partially cloudy,Partly cloudy throughout the day.,partly-cloudy-day,"72505394728,KLGA,KNYC,72503014732"
New York City,2015-08-14,30.2,20,25.4,29.5,20,25.3,12.5,45.1,0,0,0,,0,0,29.5,14.6,226.4,1020.1,9.9,16,314,27.2,9,,2015-08-14T06:05:01,2015-08-14T19:55:44,0,Clear,Clear conditions throughout the day.,clear-day,"72505394728,KLGA,KNYC,72503014732"
New York City,2015-08-15,32.8,23.5,27.4,32.5,23.5,27.7,16.3,51.6,0,0,0,,0,0,38.9,15.3,218.2,1019,10.9,16,299.7,26,9,,2015-08-15T06:06:00,2015-08-15T19:54:21,0.03,Clear,Clear conditions throughout the day.,clear-day,"72505394728,KLGA,KNYC,72503014732"
New York City,2015-08-16,33,24.5,28.3,34,24.5,29.1,18,54.1,0,0,0,,0,0,27.7,14.8,247.1,1018.9,31.6,15.9,290.4,25,9,,2015-08-16T06:06:59,2015-08-16T19:52:58,0.07,Partially cloudy,Partly cloudy throughout the day.,partly-cloudy-day,"72505394728,KLGA,KNYC,72503014732"
New York City,2015-08-17,33.6,25.9,29.4,34.5,25.9,30.3,18.1,51.2,0,0,0,,0,0,31.7,13.3,218.6,1017.7,29.9,15.3,259.3,22.3,8,,2015-08-17T06:07:58,2015-08-17T19:51:34,0.1,Partially cloudy,Partly cloudy throughout the day.,partly-cloudy-day,"72505394728,KLGA,KNYC,72503014732"
New York City,2015-08-18,32.1,23.6,27.4,33,23.6,28.2,19.7,63.9,4.726,100,12.5,rain,0,0,44.6,33.5,191.3,1016.4,31.1,14.4,292.9,25.3,9,,2015-08-18T06:08:57,2015-08-18T19:50:08,0.13,"Rain, Partially cloudy",Clearing in the afternoon with rain clearing later.,rain,"72505394728,KLGA,KNYC,72503014732"
New York City,2015-08-19,29.8,24.8,26.7,32.7,24.8,27.6,21.3,72.4,0,0,0,,0,0,38.9,27.7,168.5,1016.8,60.4,16,276.2,23.7,8,,2015-08-19T06:09:56,2015-08-19T19:48:42,0.17,Partially cloudy,Partly cloudy throughout the day.,partly-cloudy-day,"72505394728,KLGA,KNYC,72503014732"
New York City,2015-08-20,29.7,25.7,27.1,31.9,25.7,28.1,21.1,70.5,0,0,0,,0,0,41.8,25.9,152.7,1015.9,72.4,16,293.9,25.4,9,,2015-08-20T06:10:55,2015-08-20T19:47:15,0.2,Partially cloudy,Partly cloudy throughout the day.,partly-cloudy-day,"72505394728,KLGA,KNYC,72503014732"
New York City,2015-08-21,30.3,22.2,25.9,29.7,22.2,25.8,17.2,62.1,8.257,100,25,rain,0,0,31.7,20.5,34.1,1015.7,58.4,14.8,249.3,21.6,7,,2015-08-21T06:11:54,2015-08-21T19:45:46,0.23,"Rain, Partially cloudy",Partly cloudy throughout the day with rain clearing later.,rain,"72505394728,KLGA,KNYC,72503014732"
New York City,2015-08-22,28.6,20.8,24.6,27.9,20.8,24.5,11.5,44.6,0,0,0,,0,0,25.9,13.4,14.7,1018.3,24,14.9,282.6,24.5,9,,2015-08-22T06:12:53,2015-08-22T19:44:17,0.25,Partially cloudy,Partly cloudy throughout the day.,partly-cloudy-day,"72505394728,KLGA,KNYC,72503014732"
New York City,2015-08-23,28.3,21.3,24.5,29,21.3,24.8,17.1,63.9,0,0,0,,0,0,,14.8,68,1015.3,54.3,16,237.2,20.3,8,,2015-08-23T06:13:52,2015-08-23T19:42:47,0.3,Partially cloudy,Partly cloudy throughout the day.,partly-cloudy-day,"72505394728,KLGA,KNYC,72503014732"
New York City,2015-08-24,29.8,23,25.9,29.6,23,26,17.7,62.2,0,0,0,,0,0,25.9,14.8,191.3,1012.1,45.3,15.8,261.3,22.4,8,,2015-08-24T06:14:51,2015-08-24T19:41:16,0.33,Partially cloudy,Partly cloudy throughout the day.,partly-cloudy-day,"72505394728,KLGA,KNYC,72503014732"
New York City,2015-08-25,31.4,25,27.3,32.3,25,27.8,17.5,56.1,0,0,0,,0,0,37.1,25.9,205.9,1010.6,49.1,15.6,254.5,21.9,8,,2015-08-25T06:15:50,2015-08-25T19:39:45,0.36,Partially cloudy,Partly cloudy throughout the day.,partly-cloudy-day,"72505394728,KLGA,KNYC,72503014732"
New York City,2015-08-26,28.6,19.7,24.3,27.6,19.7,24.1,11,44.4,0,0,0,,0,0,40.7,18.4,304,1014,14.3,16,293.3,25.3,9,,2015-08-26T06:16:49,2015-08-26T19:38:12,0.4,Clear,Clear conditions throughout the day.,clear-day,"72505394728,KLGA,KNYC,72503014732"
New York City,2015-08-27,26.9,19.5,23.1,26.7,19.5,23.1,11.6,49.1,0,0,0,,0,0,38.9,14.8,317.2,1017.4,32.8,16,279.9,24.3,9,,2015-08-27T06:17:47,2015-08-27T19:36:39,0.43,Partially cloudy,Partly cloudy throughout the day.,partly-cloudy-day,"72505394728,KLGA,KNYC,72503014732"
New York City,2015-08-28,27.5,18.1,22.9,26.9,18.1,22.8,11.1,48.8,0,0,0,,0,0,,10.7,327.9,1021,12.6,16,294.1,25.2,9,,2015-08-28T06:18:46,2015-08-28T19:35:06,0.46,Clear,Clear conditions throughout the day.,clear-day,"72505394728,KLGA,KNYC,72503014732"
New York City,2015-08-29,30.2,19.8,24.5,29.3,19.8,24.4,12.9,49.1,0,0,0,,0,0,33.5,13.3,216,1021.3,24,16,284.9,24.8,9,,2015-08-29T06:19:45,2015-08-29T19:33:31,0.5,Partially cloudy,Becoming cloudy in the afternoon.,partly-cloudy-day,"72505394728,KLGA,KNYC,72503014732"
New York City,2015-08-30,31.8,22.4,26.5,32.5,22.4,26.9,17.3,57.8,2.953,100,8.33,rain,0,0,47.9,12.8,224.7,1018,33.1,15.4,257.5,22.3,8,,2015-08-30T06:20:44,2015-08-30T19:31:56,0.53,"Rain, Partially cloudy",Becoming cloudy in the afternoon with late afternoon rain.,rain,"72505394728,KLGA,KNYC,72503014732"
New York City,2015-08-31,32.8,24.5,28.2,33.7,24.5,28.8,18.6,57.2,0,0,0,,0,0,31.7,15.9,257.7,1015.8,33.4,14.6,210.2,18.1,8,,2015-08-31T06:21:42,2015-08-31T19:30:20,0.57,Partially cloudy,Partly cloudy throughout the day.,partly-cloudy-day,"72505394728,KLGA,KNYC,72503014732"
New York City,2015-09-01,31.4,24.5,27.3,31.4,24.5,27.7,17.9,57.1,0,0,0,,0,0,,12.5,93.1,1016.6,17.8,14,252.5,21.9,8,,2015-09-01T06:22:41,2015-09-01T19:28:44,0.6,Clear,Clear conditions throughout the day.,clear-day,"72505394728,KLGA,KNYC,72503014732"
New York City,2015-09-02,31.8,23.5,27.2,33,23.5,27.7,18.4,59.6,0,0,0,,0,0,29.5,20.5,179.7,1015,14.2,12.8,210.2,18,7,,2015-09-02T06:23:39,2015-09-02T19:27:07,0.63,Clear,Clear conditions throughout the day.,clear-day,"72505394728,KLGA,KNYC,72503014732"
New York City,2015-09-03,33.6,24.2,28.5,33.7,24.2,28.7,17.9,55.1,0,0,0,,0,0,,11.2,31.2,1011.1,11.8,11.9,242.2,20.8,8,,2015-09-03T06:24:38,2015-09-03T19:25:30,0.67,Clear,Clear conditions throughout the day.,clear-day,"72505394728,KLGA,KNYC,72503014732"
New York City,2015-09-04,28.7,23.7,26.4,29.6,23.7,26.8,18.3,61.2,0,0,0,,0,0,35.3,20.6,71.7,1017.3,38,13.4,214.1,18.4,7,,2015-09-04T06:25:36,2015-09-04T19:23:52,0.7,Partially cloudy,Partly cloudy throughout the day.,partly-cloudy-day,"72505394728,KLGA,KNYC,72503014732"
New York City,2015-09-05,27.6,19.4,22.8,26.9,19.4,22.7,13.6,58.4,0,0,0,,0,0,,16.3,81.4,1023.9,20.8,16,273.2,23.7,9,,2015-09-05T06:26:35,2015-09-05T19:22:14,0.75,Partially cloudy,Clearing in the afternoon.,partly-cloudy-day,"72505394728,KLGA,KNYC,72503014732"
New York City,2015-09-06,29.6,19,23.6,29.1,19,23.5,13.4,54.5,0,0,0,,0,0,29.5,20.5,161.8,1022.4,11.6,16,277.3,23.9,9,,2015-09-06T06:27:33,2015-09-06T19:20:36,0.77,Clear,Clear conditions throughout the day.,clear-day,"72505394728,KLGA,KNYC,72503014732"
New York City,2015-09-07,32.7,21.3,26.3,32.2,21.3,26.5,16.7,57.9,0,0,0,,0,0,35.3,14.8,214.8,1018.3,3.5,16,270.6,23.5,8,,2015-09-07T06:28:32,2015-09-07T19:18:56,0.81,Clear,Clear conditions throughout the day.,clear-day,"72505394728,KLGA,KNYC,72503014732"
New York City,2015-09-08,35.3,24.4,29,36.7,24.4,29.8,18.3,53.6,0,0,0,,0,0,37.1,24.1,214.9,1015.4,5.2,15.8,257.3,22.1,8,,2015-09-08T06:29:30,2015-09-08T19:17:17,0.84,Clear,Clear conditions throughout the day.,clear-day,"72505394728,KLGA,KNYC,72503014732"
New York City,2015-09-09,31.6,24.8,27.5,34.6,24.8,29,20.8,67.6,0,0,0,,0,0,40.7,27.7,210.4,1012.4,34.6,16,235.4,20.3,8,,2015-09-09T06:30:28,2015-09-09T19:15:37,0.88,Partially cloudy,Partly cloudy throughout the day.,partly-cloudy-day,"72505394728,KLGA,KNYC,72503014732"
New York City,2015-09-10,27.7,21.8,23.3,29.9,21.8,23.4,20.7,85.7,35.002,100,83.33,rain,0,0,33.5,16.3,39.3,1009.2,99.4,10.1,85.1,7.3,3,,2015-09-10T06:31:27,2015-09-10T19:13:57,0.91,"Rain, Overcast",Cloudy skies throughout the day with a chance of rain throughout the day.,rain,"72505394728,KLGA,KNYC,72503014732"
New York City,2015-09-11,26.7,19.2,22.7,27.1,19.2,22.7,16.4,69.1,3.884,100,12.5,rain,0,0,38.9,19.5,22.8,1007.5,68.6,15.2,178.5,15.4,7,,2015-09-11T06:32:25,2015-09-11T19:12:17,0.94,"Rain, Partially cloudy",Partly cloudy throughout the day with early morning rain.,rain,"72505394728,KLGA,KNYC,72503014732"
New York City,2015-09-12,25.7,21.2,23.2,25.7,21.2,23.2,18.1,73.7,4.565,100,12.5,rain,0,0,44.6,29.5,144.6,1007.9,60.7,15.5,171.8,15,7,,2015-09-12T06:33:24,2015-09-12T19:10:36,0.98,"Rain, Partially cloudy",Partly cloudy throughout the day with late afternoon rain.,rain,"72505394728,KLGA,KNYC,72503014732"
New York City,2015-09-13,25.7,18,21.8,25.7,18,21.8,15.3,68,3.175,100,25,rain,0,0,44.3,19.9,257.9,1006.1,65.1,15.2,165.9,14.4,6,,2015-09-13T06:34:22,2015-09-13T19:08:56,0,"Rain, Partially cloudy",Partly cloudy throughout the day with rain.,rain,"72505394728,KLGA,KNYC,72503014732"
New York City,2015-09-14,24.1,15,19.5,24.1,15,19.5,8.1,48.8,0,0,0,,0,0,44.7,33.5,285.4,1016.3,9.7,16,260.4,22.5,8,,2015-09-14T06:35:21,2015-09-14T19:07:15,0.05,Clear,Clear conditions throughout the day.,clear-day,"72505394728,KLGA,KNYC,72503014732"
New York City,2015-09-15,28.2,17.6,22.8,27.3,17.6,22.6,9.7,44.3,0,0,0,,0,0,,11.2,302.8,1025,4.6,16,259.2,22.5,8,,2015-09-15T06:36:19,2015-09-15T19:05:33,0.08,Clear,Clear conditions throughout the day.,clear-day,"72505394728,KLGA,KNYC,72503014732"
New York City,2015-09-16,30.7,19.2,24.6,29.3,19.2,24.3,12.5,48.5,0,0,0,,0,0,25.9,10.4,268.6,1025.3,16.5,16,253.9,22,8,,2015-09-16T06:37:18,2015-09-16T19:03:52,0.11,Clear,Clear conditions throughout the day.,clear-day,"72505394728,KLGA,KNYC,72503014732"
New York City,2015-09-17,30.8,20.9,25.2,29.6,20.9,25,13.1,48.3,0,0,0,,0,0,29.5,24.1,191.9,1020.6,11.2,16,220.3,19.1,8,,2015-09-17T06:38:17,2015-09-17T19:02:11,0.15,Clear,Clear conditions throughout the day.,clear-day,"72505394728,KLGA,KNYC,72503014732"
New York City,2015-09-18,29.7,20.3,24.5,28.9,20.3,24.4,13.3,50.8,0,0,0,,0,0,27.7,15,160.9,1016.5,3.5,15.7,249.4,21.6,8,,2015-09-18T06:39:15,2015-09-18T19:00:29,0.18,Clear,Clear conditions throughout the day.,clear-day,"72505394728,KLGA,KNYC,72503014732"
New York City,2015-09-19,27.9,20.6,23.7,28,20.6,23.8,17.2,68,0,0,0,,0,0,33.5,18.4,181.8,1013.7,33,15.1,237.4,20.6,8,,2015-09-19T06:40:14,2015-09-19T18:58:48,0.22,Partially cloudy,Partly cloudy throughout the day.,partly-cloudy-day,"72505394728,KLGA,KNYC,72503014732"
New York City,2015-09-20,25.5,19.4,22.6,25.5,19.4,22.6,12,53.4,0,0,0,,0,0,37.1,18.6,9.2,1015,48.1,16,224.2,19.3,8,,2015-09-20T06:41:13,2015-09-20T18:57:06,0.25,Partially cloudy,Partly cloudy throughout the day.,partly-cloudy-day,"72505394728,KLGA,KNYC,72503014732"
New York City,2015-09-21,22.1,15,18.8,22.1,15,18.8,6.5,45.4,0,0,0,,0,0,38.9,21,62.6,1022,24.2,16,163.2,14.1,6,,2015-09-21T06:42:12,2015-09-21T18:55:25,0.25,Partially cloudy,Partly cloudy throughout the day.,partly-cloudy-day,"72505394728,KLGA,KNYC,72503014732"
New York City,2015-09-22,21.8,16.6,19.3,21.8,16.6,19.3,9.1,52,0,0,0,,0,0,31.7,18.6,55.2,1024.4,58.6,16,117.4,10.2,5,,2015-09-22T06:43:12,2015-09-22T18:53:43,0.32,Partially cloudy,Partly cloudy throughout the day.,partly-cloudy-day,"72505394728,KLGA,KNYC,72503014732"
New York City,2015-09-23,26,15.2,20,26,15.2,20,9.5,53.3,0,0,0,,0,0,,10.3,52.5,1023.8,12.5,16,240.3,20.7,8,,2015-09-23T06:44:11,2015-09-23T18:52:02,0.35,Clear,Clear conditions throughout the day.,clear-day,"72505394728,KLGA,KNYC,72503014732"
New York City,2015-09-24,26.9,16.4,21.3,26.6,16.4,21.3,11.1,53.4,0,0,0,,0,0,25.9,16.8,62.8,1025.2,9.2,16,229.6,19.8,8,,2015-09-24T06:45:10,2015-09-24T18:50:20,0.38,Clear,Clear conditions throughout the day.,clear-day,"72505394728,KLGA,KNYC,72503014732"
New York City,2015-09-25,22.9,17.9,20.2,22.9,17.9,20.2,11.1,56.4,0,0,0,,0,0,38.9,18.7,61.5,1027.7,25.6,16,186.5,16.2,8,,2015-09-25T06:46:10,2015-09-25T18:48:39,0.42,Partially cloudy,Partly cloudy throughout the day.,partly-cloudy-day,"72505394728,KLGA,KNYC,72503014732"
New York City,2015-09-26,21.4,16.7,18.9,21.4,16.7,18.9,9.5,55.4,0,0,0,,0,0,31.7,19.5,73,1030,30.1,16,107.4,9.2,3,,2015-09-26T06:47:10,2015-09-26T18:46:58,0.45,Partially cloudy,Clearing in the afternoon.,partly-cloudy-day,"72505394728,KLGA,KNYC,72503014732"
New York City,2015-09-27,20.8,13.7,17.5,20.8,13.7,17.5,10.9,65.3,0,0,0,,0,0,,15,66.3,1029.9,41.2,16,122.9,10.7,4,,2015-09-27T06:48:10,2015-09-27T18:45:17,0.5,Partially cloudy,Becoming cloudy in the afternoon.,partly-cloudy-day,"72505394728,KLGA,KNYC,72503014732"
New York City,2015-09-28,25.3,18.4,21.5,25.3,18.4,21.5,16.4,73.3,0.129,100,4.17,rain,0,0,,16.6,76.2,1023.4,76.3,15.4,155,13.5,6,,2015-09-28T06:49:10,2015-09-28T18:43:37,0.52,"Rain, Partially cloudy",Partly cloudy throughout the day with late afternoon rain.,rain,"72505394728,KLGA,KNYC,72503014732"
New York City,2015-09-29,27.7,22.1,24.3,29.3,22.1,24.5,20,77.8,1.014,100,8.33,rain,0,0,33.5,16.1,143.3,1016.9,78.8,15.2,189.3,16.5,7,,2015-09-29T06:50:10,2015-09-29T18:41:56,0.55,"Rain, Partially cloudy",Partly cloudy throughout the day with rain.,rain,"72505394728,KLGA,KNYC,72503014732"
New York City,2015-09-30,25.7,17.1,22.1,25.7,17.1,22.1,18.5,80.2,32.213,100,41.67,rain,0,0,51.8,33.5,32.1,1008.1,98.6,13.5,65.2,5.7,2,,2015-09-30T06:51:11,2015-09-30T18:40:16,0.59,"Rain, Overcast",Cloudy skies throughout the day with a chance of rain throughout the day.,rain,"72505394728,KLGA,KNYC,72503014732"
New York City,2015-10-01,17.7,13.2,14.9,17.7,13.2,14.9,9.4,70,2.37,100,20.83,rain,0,0,38.9,24,33.4,1017.9,93.5,15.8,50.1,4.5,2,,2015-10-01T06:52:12,2015-10-01T18:38:37,0.62,"Rain, Overcast",Cloudy skies throughout the day with late afternoon rain.,rain,"72505394728,KLGA,KNYC,72503014732"
New York City,2015-10-02,14,9.1,11.1,14,5.5,10.3,7.6,79.5,26.372,100,83.33,rain,0,0,53.7,30.3,48.5,1022.4,97.3,12.3,44.1,3.7,2,,2015-10-02T06:53:13,2015-10-02T18:36:57,0.65,"Rain, Overcast",Cloudy skies throughout the day with a chance of rain throughout the day.,rain,"72505394728,KLGA,KNYC,72503014732"
New York City,2015-10-03,12.9,9.3,10.7,12.9,6,9.4,7.5,80.7,10.704,100,41.67,rain,0,0,56.7,29.6,57.8,1025.7,100,12,67.1,5.8,3,,2015-10-03T06:54:14,2015-10-03T18:35:18,0.69,"Rain, Overcast",Cloudy skies throughout the day with rain clearing later.,rain,"72505394728,KLGA,KNYC,72503014732"
New York City,2015-10-04,16.8,11.8,13.9,16.8,11.8,13.9,5.9,59.3,0,0,0,,0,0,46.4,28.4,59.7,1025.9,79,16,144.4,12.5,6,,2015-10-04T06:55:15,2015-10-04T18:33:39,0.75,Partially cloudy,Partly cloudy throughout the day.,partly-cloudy-day,"72505394728,KLGA,KNYC,72503014732"
New York City,2015-10-05,18.3,11.1,14.4,18.3,11.1,14.4,6.9,61.1,0,0,0,,0,0,35.3,19.9,45,1021.5,63.3,16,120.3,10.5,4,,2015-10-05T06:56:17,2015-10-05T18:32:01,0.75,Partially cloudy,Partly cloudy throughout the day.,partly-cloudy-day,"72505394728,KLGA,KNYC,72503014732"
New York City,2015-10-06,22.4,11.6,16.9,22.4,11.6,16.9,7.9,57.4,0,0,0,,0,0,,8.9,2.1,1016.4,16.8,16,211.5,18.4,7,,2015-10-06T06:57:19,2015-10-06T18:30:24,0.79,Clear,Clear conditions throughout the day.,clear-day,"72505394728,KLGA,KNYC,72503014732"
New York City,2015-10-07,22.4,15,18.2,22.4,15,18.2,9.8,59,0,0,0,,0,0,,12.6,339.3,1015.4,31.4,16,202.1,17.5,7,,2015-10-07T06:58:21,2015-10-07T18:28:46,0.82,Partially cloudy,Partly cloudy throughout the day.,partly-cloudy-day,"72505394728,KLGA,KNYC,72503014732"
New York City,2015-10-08,20.7,15.5,17.5,20.7,15.5,17.5,10.2,62.7,0,0,0,,0,0,,13.9,96.5,1019.3,40.5,16,181.3,15.7,7,,2015-10-08T06:59:24,2015-10-08T18:27:10,0.85,Partially cloudy,Partly cloudy throughout the day.,partly-cloudy-day,"72505394728,KLGA,KNYC,72503014732"
New York City,2015-10-09,25.2,16.7,19.4,25.2,16.7,19.4,15.1,76.9,20.014,100,20.83,rain,0,0,56.9,17.7,238.4,1013,71.3,13.8,183.3,15.9,6,,2015-10-09T07:00:27,2015-10-09T18:25:33,0.89,"Rain, Partially cloudy",Partly cloudy throughout the day with rain.,rain,"72505394728,KLGA,KNYC,72503014732"
New York City,2015-10-10,17.5,10.8,14.5,17.5,10.8,14.5,4.5,52.1,0,0,0,,0,0,38.9,25.9,339.8,1017.8,15.4,16,205.2,17.6,7,,2015-10-10T07:01:30,2015-10-10T18:23:58,0.92,Clear,Clear conditions throughout the day.,clear-day,"72505394728,KLGA,KNYC,72503014732"
New York City,2015-10-11,20.2,11.7,15.7,20.2,11.7,15.7,6.4,54.9,0,0,0,,0,0,,9.8,230.2,1014.4,8.7,16,196.9,17.2,7,,2015-10-11T07:02:33,2015-10-11T18:22:23,0.96,Clear,Clear conditions throughout the day.,clear-day,"72505394728,KLGA,KNYC,72503014732"
New York City,2015-10-12,24.4,13.9,18.1,24.4,13.9,18.1,8.7,55.7,0,0,0,,0,0,35.3,13.8,207.6,1009.6,1.5,16,201.6,17.3,7,,2015-10-12T07:03:37,2015-10-12T18:20:49,0,Clear,Clear conditions throughout the day.,clear-day,"72505394728,KLGA,KNYC,72503014732"
New York City,2015-10-13,21.7,16.4,19.2,21.7,16.4,19.2,12.6,66.1,0.22,100,4.17,rain,0,0,33.5,18.4,246.3,1001.9,57.6,15.8,164.3,14.2,6,,2015-10-13T07:04:41,2015-10-13T18:19:15,0.02,"Rain, Partially cloudy",Partly cloudy throughout the day with morning rain.,rain,"72505394728,KLGA,KNYC,72503014732"
New York City,2015-10-14,20.2,14.5,17.3,20.2,14.5,17.3,7.6,53.3,0,0,0,,0,0,33.5,22.3,288.3,1006.8,53.4,16,152.2,13.2,7,,2015-10-14T07:05:45,2015-10-14T18:17:42,0.06,Partially cloudy,Partly cloudy throughout the day.,partly-cloudy-day,"72505394728,KLGA,KNYC,72503014732"
New York City,2015-10-15,17.7,10.9,14.5,17.7,10.9,14.5,4,50.1,0,0,0,,0,0,27.7,18.4,290.8,1014.4,8.8,16,195.6,16.9,7,,2015-10-15T07:06:50,2015-10-15T18:16:10,0.09,Clear,Clear conditions throughout the day.,clear-day,"72505394728,KLGA,KNYC,72503014732"
New York City,2015-10-16,16.9,12.5,14.6,16.9,12.5,14.6,3.9,49.6,0,0,0,,0,0,44.6,22.3,284,1014.6,37.6,16,161.7,13.8,6,,2015-10-16T07:07:55,2015-10-16T18:14:39,0.13,Partially cloudy,Partly cloudy throughout the day.,partly-cloudy-day,"72505394728,KLGA,KNYC,72503014732"
New York City,2015-10-17,12.5,7.2,10.4,12.5,4.4,9.5,-1.3,46.1,0.078,100,4.17,rain,0,0,40.7,22.3,305.3,1019,25.4,16,188.6,16.3,7,,2015-10-17T07:09:01,2015-10-17T18:13:09,0.16,"Rain, Partially cloudy",Becoming cloudy in the afternoon with afternoon rain.,rain,"72505394728,KLGA,KNYC,72503014732"
New York City,2015-10-18,9.2,3.5,6.2,7,1.3,3.9,-5.3,44.8,0,0,0,,0,0,37.6,27.7,317.9,1025.1,24.7,16,144.5,12.5,6,,2015-10-18T07:10:06,2015-10-18T18:11:39,0.2,Partially cloudy,Becoming cloudy in the afternoon.,partly-cloudy-day,"72505394728,KLGA,KNYC,72503014732"
New York City,2015-10-19,11.1,2.1,6.8,11.1,-0.2,5.9,-4,47.3,0,0,0,,0,0,31.7,20.5,273.8,1029.4,5.1,16,190,16.3,7,,2015-10-19T07:11:12,2015-10-19T18:10:10,0.23,Clear,Clear conditions throughout the day.,clear-day,"72505394728,KLGA,KNYC,72503014732"
New York City,2015-10-20,20.9,9,14.5,20.9,6.7,13.8,1.8,43.7,0,0,0,,0,0,38.9,25.9,238,1023.1,29.9,16,168.1,14.5,6,,2015-10-20T07:12:19,2015-10-20T18:08:43,0.25,Partially cloudy,Clearing in the afternoon.,partly-cloudy-day,"72505394728,KLGA,KNYC,72503014732"
New York City,2015-10-21,24.2,14.2,18.4,24.2,14.2,18.4,6.5,47,0,0,0,,0,0,27.7,13.1,212.8,1024.7,14.8,15.9,176,15,6,,2015-10-21T07:13:25,2015-10-21T18:07:16,0.3,Clear,Clear conditions throughout the day.,clear-day,"72505394728,KLGA,KNYC,72503014732"
New York City,2015-10-22,23.4,14.7,19,23.4,14.7,19,8.4,50.9,0,0,0,,0,0,31.7,22.3,225.7,1020.8,25.5,15.5,160.3,13.8,6,,2015-10-22T07:14:32,2015-10-22T18:05:50,0.33,Partially cloudy,Partly cloudy throughout the day.,partly-cloudy-day,"72505394728,KLGA,KNYC,72503014732"
New York City,2015-10-23,20.3,8.5,13.5,20.3,6.3,13.2,1.8,45.8,0,0,0,,0,0,40.7,24.1,359.2,1022.7,4.4,15.7,182.6,15.8,7,,2015-10-23T07:15:40,2015-10-23T18:04:26,0.37,Clear,Clear conditions throughout the day.,clear-day,"72505394728,KLGA,KNYC,72503014732"
New York City,2015-10-24,13.4,5,9.6,13.4,3.1,8.8,2.5,61.3,0,0,0,,0,0,,16.6,74.7,1027.3,57.1,16,106.5,9.3,4,,2015-10-24T07:16:48,2015-10-24T18:03:02,0.4,Partially cloudy,Partly cloudy throughout the day.,partly-cloudy-day,"72505394728,KLGA,KNYC,72503014732"
New York City,2015-10-25,20,11.3,15,20,11.3,15,8.2,64.8,1.24,100,16.67,rain,0,0,48.1,35.3,272.7,1019.6,77.3,15.5,75,6.4,3,,2015-10-25T07:17:56,2015-10-25T18:01:40,0.44,"Rain, Partially cloudy",Partly cloudy throughout the day with morning rain.,rain,"72505394728,KLGA,KNYC,72503014732"
New York City,2015-10-26,14.4,8.1,11,14.4,7.1,10.8,0.8,50.2,0,0,0,,0,0,26.4,18.1,24.6,1029.3,13.7,16,129.6,11.1,5,,2015-10-26T07:19:04,2015-10-26T18:00:18,0.47,Clear,Clear conditions throughout the day.,clear-day,"72505394728,KLGA,KNYC,72503014732"
New York City,2015-10-27,14.7,7.9,11.2,14.7,6.6,10.9,2.8,56.9,0,0,0,,0,0,,13,78.1,1033.3,36.7,16,85.4,7.3,3,,2015-10-27T07:20:13,2015-10-27T17:58:58,0.5,Partially cloudy,Partly cloudy throughout the day.,partly-cloudy-day,"72505394728,KLGA,KNYC,72503014732"
New York City,2015-10-28,20,11,15.4,20,11,15.4,12,80.3,28.23,100,50,rain,0,0,53.8,35.3,106.4,1019.9,86,10.8,58.1,5.2,2,,2015-10-28T07:21:21,2015-10-28T17:57:39,0.54,"Rain, Partially cloudy",Partly cloudy throughout the day with rain.,rain,"72505394728,KLGA,KNYC,72503014732"
New York City,2015-10-29,21.8,15.8,19.1,21.8,15.8,19.1,10,60.2,7.155,100,25,rain,0,0,57.4,31.7,241.7,1002.7,56.3,15.4,133.9,11.4,6,,2015-10-29T07:22:31,2015-10-29T17:56:22,0.57,"Rain, Partially cloudy",Partly cloudy throughout the day with rain clearing later.,rain,"72505394728,KLGA,KNYC,72503014732"
New York City,2015-10-30,15.6,10,12.6,15.6,6.9,12.5,-0.3,41.2,0,0,0,,0,0,45.6,25.9,306.2,1012.8,7.7,16,165.5,14.2,6,,2015-10-30T07:23:40,2015-10-30T17:55:05,0.6,Clear,Clear conditions throughout the day.,clear-day,"72505394728,KLGA,KNYC,72503014732"
New York City,2015-10-31,12.5,6.3,9.6,12.5,4.9,9,0.2,52.2,0,0,0,,0,0,35.3,13.8,14.7,1021.2,13.9,16,127.2,10.9,5,,2015-10-31T07:24:50,2015-10-31T17:53:50,0.64,Clear,Clear conditions throughout the day.,clear-day,"72505394728,KLGA,KNYC,72503014732"
New York City,2015-11-01,18,12.1,15,18,12.1,15,7.9,62.7,0,0,0,,0,0,57.6,14.8,225.5,1013.9,57.2,16,116.3,10.4,5,,2015-11-01T06:26:00,2015-11-01T16:52:37,0.67,Partially cloudy,Partly cloudy throughout the day.,partly-cloudy-day,"72505394728,KLGA,KNYC,72503014732"
New York City,2015-11-02,17.2,13.1,15.1,17.2,13.1,15.1,6.4,56.6,0,0,0,,0,0,,10.3,298.3,1018,23.1,16,48.4,4.1,2,,2015-11-02T06:27:10,2015-11-02T16:51:25,0.7,Partially cloudy,Partly cloudy throughout the day.,partly-cloudy-day,"72505394728,KLGA,KNYC,72503014732"
New York City,2015-11-03,22.4,10.5,16.7,22.4,10.5,16.7,6.4,52.7,0,0,0,,0,0,,9.4,261.2,1021.6,1.6,16,153.5,13.2,6,,2015-11-03T06:28:20,2015-11-03T16:50:14,0.75,Clear,Clear conditions throughout the day.,clear-day,"72505394728,KLGA,KNYC,72503014732"
New York City,2015-11-04,20.3,13.4,16.4,20.3,13.4,16.4,9,62.9,0,0,0,,0,0,,10.8,93.1,1026.9,2.1,15.8,150,12.9,6,,2015-11-04T06:29:31,2015-11-04T16:49:05,0.77,Clear,Clear conditions throughout the day.,clear-day,"72505394728,KLGA,KNYC,72503014732"
New York City,2015-11-05,21.7,14,17.8,21.7,14,17.8,15.1,84.2,0.22,100,4.17,rain,0,0,,11.2,202.7,1023.9,84.6,7.2,106.3,9.3,5,,2015-11-05T06:30:42,2015-11-05T16:47:57,0.8,"Rain, Partially cloudy",Partly cloudy throughout the day with afternoon rain.,rain,"72505394728,KLGA,KNYC,72503014732"
New York City,2015-11-06,22.9,18.9,21.1,22.9,18.9,21.1,16.8,76.9,0,0,0,,0,0,42.5,27.7,224.6,1014.8,84.4,13.2,94.1,8.1,3,,2015-11-06T06:31:53,2015-11-06T16:46:51,0.83,Partially cloudy,Partly cloudy throughout the day.,partly-cloudy-day,"72505394728,KLGA,KNYC,72503014732"
New York City,2015-11-07,22.1,12.4,16.9,22.1,12.4,16.9,6.5,50.5,0,0,0,,0,0,38.9,20.5,307.7,1015.9,59.2,16,72,6.2,3,,2015-11-07T06:33:04,2015-11-07T16:45:46,0.87,Partially cloudy,Becoming cloudy in the afternoon.,partly-cloudy-day,"72505394728,KLGA,KNYC,72503014732"
New York City,2015-11-08,13.6,8.1,10.9,13.6,5.8,10.4,-0.7,45.2,0,0,0,,0,0,40.7,24.1,318.9,1026.9,10.7,16,151.7,13,6,,2015-11-08T06:34:15,2015-11-08T16:44:43,0.9,Clear,Clear conditions throughout the day.,clear-day,"72505394728,KLGA,KNYC,72503014732"
New York City,2015-11-09,14.7,6.9,11.3,14.7,6.9,11.3,0.9,50,0,0,0,,0,0,,10.4,258.3,1029.5,21.4,16,113.5,9.7,5,,2015-11-09T06:35:26,2015-11-09T16:43:42,0.93,Partially cloudy,Partly cloudy throughout the day.,partly-cloudy-day,"72505394728,KLGA,KNYC,72503014732"
New York City,2015-11-10,14,10.9,12.7,14,10.9,12.7,9.6,81.7,6.095,100,45.83,rain,0,0,51.9,33.6,65,1017.3,93.2,11.8,39.6,3.5,2,,2015-11-10T06:36:37,2015-11-10T16:42:42,0.97,"Rain, Overcast",Cloudy skies throughout the day with rain.,rain,"72505394728,KLGA,KNYC,72503014732"
New York City,2015-11-11,14.1,10,11.8,14.1,7.9,11.7,8.4,80.3,10.273,100,33.33,rain,0,0,40.7,22.3,6.6,1010.4,99.8,12.3,49.9,4.3,2,,2015-11-11T06:37:48,2015-11-11T16:41:44,0,"Rain, Overcast",Cloudy skies throughout the day with rain clearing later.,rain,"72505394728,KLGA,KNYC,72503014732"
New York City,2015-11-12,15.6,10.7,13.4,15.6,10.7,13.4,10.1,80.8,0.301,100,12.5,rain,0,0,42.5,21.5,185.3,1008.1,94.6,15,40,3.5,2,,2015-11-12T06:38:59,2015-11-12T16:40:48,0.03,"Rain, Overcast",Cloudy skies throughout the day with afternoon rain.,rain,"72505394728,KLGA,KNYC,72503014732"
New York City,2015-11-13,14,8.6,12.3,14,5,12,-1,40.4,0,0,0,,0,0,59.5,37.1,278.2,1004.7,35.1,16,140.8,12.1,6,,2015-11-13T06:40:10,2015-11-13T16:39:54,0.07,Partially cloudy,Partly cloudy throughout the day.,partly-cloudy-day,"72505394728,KLGA,KNYC,72503014732"
New York City,2015-11-14,8.9,5.9,7.6,6.4,2.7,4.9,-4.4,42.9,0,0,0,,0,0,53.2,27.7,296.5,1017.1,18.5,16,136.3,11.7,5,,2015-11-14T06:41:21,2015-11-14T16:39:01,0.1,Clear,Clear conditions throughout the day.,clear-day,"72505394728,KLGA,KNYC,72503014732"
New York City,2015-11-15,14.5,4.7,9.5,14.5,2.5,8.7,-1.9,45.9,0,0,0,,0,0,35.3,17.3,251.3,1023.6,9.3,16,135.1,11.5,5,,2015-11-15T06:42:32,2015-11-15T16:38:11,0.14,Clear,Clear conditions throughout the day.,clear-day,"72505394728,KLGA,KNYC,72503014732"
New York City,2015-11-16,19.2,11,14.7,19.2,11,14.7,1.3,40.7,0,0,0,,0,0,35.3,16.6,308.3,1022.7,1.3,16,133,11.5,5,,2015-11-16T06:43:43,2015-11-16T16:37:22,0.17,Clear,Clear conditions throughout the day.,clear-day,"72505394728,KLGA,KNYC,72503014732"
New York City,2015-11-17,11.3,4.5,7.6,11.3,1.6,5.7,-1.4,53.4,0,0,0,,0,0,38.9,24.8,55.1,1032.8,11.6,16,136.9,11.6,5,,2015-11-17T06:44:53,2015-11-17T16:36:35,0.21,Clear,Clear conditions throughout the day.,clear-day,"72505394728,KLGA,KNYC,72503014732"
New York City,2015-11-18,14.4,7.7,11.7,14.4,5.9,11.3,5,63.8,0,0,0,,0,0,35.3,24.1,118.4,1031.6,92.3,15.9,129,11.1,5,,2015-11-18T06:46:03,2015-11-18T16:35:50,0.25,Overcast,Cloudy skies throughout the day.,cloudy,"72505394728,KLGA,KNYC,72503014732"
New York City,2015-11-19,17.2,13.9,15.9,17.2,13.9,15.9,13,83.3,30.756,100,41.67,rain,0,0,61.4,35.3,146.7,1020.7,99.1,11.8,44.5,3.9,2,,2015-11-19T06:47:13,2015-11-19T16:35:08,0.25,"Rain, Overcast",Cloudy skies throughout the day with rain.,rain,"72505394728,KLGA,KNYC,72503014732"
New York City,2015-11-20,17.9,8.5,13.1,17.9,7.5,12.9,1.1,47.6,0.443,100,4.17,rain,0,0,40.7,24.1,312.2,1018.9,23.3,15.9,131.7,11.4,5,,2015-11-20T06:48:23,2015-11-20T16:34:27,0.32,"Rain, Partially cloudy",Partly cloudy throughout the day with early morning rain.,rain,"72505394728,KLGA,KNYC,72503014732"
New York City,2015-11-21,11.3,5.8,8.4,11.3,2.5,6.7,-1.4,50.8,0,0,0,,0,0,33.5,17.3,57.5,1022.1,34.8,16,128.1,11.2,5,,2015-11-21T06:49:32,2015-11-21T16:33:48,0.35,Partially cloudy,Partly cloudy throughout the day.,partly-cloudy-day,"72505394728,KLGA,KNYC,72503014732"
New York City,2015-11-22,12.9,6.8,10.3,12.9,3.7,9.2,0.8,53.7,0.586,100,4.17,rain,0,0,43.7,22.3,311.9,1012.6,74.8,15.9,39.8,3.5,2,,2015-11-22T06:50:40,2015-11-22T16:33:11,0.39,"Rain, Partially cloudy",Partly cloudy throughout the day with early morning rain.,rain,"72505394728,KLGA,KNYC,72503014732"
New York City,2015-11-23,5.9,1.4,3.6,3.2,-2.8,0.2,-8.5,41.8,0,0,0,,0,0,46.4,25.9,320.7,1017.1,10.4,16,115.2,10,5,,2015-11-23T06:51:49,2015-11-23T16:32:37,0.42,Clear,Clear conditions throughout the day.,clear-day,"72505394728,KLGA,KNYC,72503014732"
New York City,2015-11-24,7.4,0.5,4.3,5.9,-2.4,2.7,-6.9,44.3,0,0,0,,0,0,29.5,18.4,277.9,1027.7,40,16,114.3,10,5,,2015-11-24T06:52:56,2015-11-24T16:32:04,0.46,Partially cloudy,Clearing in the afternoon.,partly-cloudy-day,"72505394728,KLGA,KNYC,72503014732"
New York City,2015-11-25,9.2,2.8,6.2,7.7,1.9,5.2,-2.9,52.6,0,0,0,,0,0,,9.8,34.6,1039.9,6.8,16,124.3,10.8,5,,2015-11-25T06:54:03,2015-11-25T16:31:34,0.5,Clear,Clear conditions throughout the day.,clear-day,"72505394728,KLGA,KNYC,72503014732"
New York City,2015-11-26,15.5,5.7,10.4,15.5,4.7,10.1,5.3,71.5,0,0,0,,0,0,,9.8,118.8,1041.3,25.5,15.4,118.8,10.4,5,,2015-11-26T06:55:09,2015-11-26T16:31:06,0.52,Partially cloudy,Becoming cloudy in the afternoon.,partly-cloudy-day,"72505394728,KLGA,KNYC,72503014732"
New York City,2015-11-27,17.9,10.8,14.2,17.9,10.8,14.2,8.2,68.9,0,0,0,,0,0,31.7,16.6,235.7,1030.8,23.9,15.1,118.3,10.3,5,,2015-11-27T06:56:15,2015-11-27T16:30:40,0.56,Partially cloudy,Partly cloudy throughout the day.,partly-cloudy-day,"72505394728,KLGA,KNYC,72503014732"
New York City,2015-11-28,16.8,6.3,12.2,16.8,3.7,11.5,7.9,75.2,0.241,100,16.67,rain,0,0,,18.4,321.6,1021.4,94.4,16,44.1,3.8,2,,2015-11-28T06:57:20,2015-11-28T16:30:16,0.59,"Rain, Overcast",Cloudy skies throughout the day with rain.,rain,"72505394728,KLGA,KNYC,72503014732"
New York City,2015-11-29,8.1,3.1,5.2,6.7,-1.6,1.8,-2.2,60.9,0,0,0,,0,0,38.9,24.1,7.7,1024.4,68.3,16,64.1,5.5,3,,2015-11-29T06:58:24,2015-11-29T16:29:54,0.62,Partially cloudy,Partly cloudy throughout the day.,partly-cloudy-day,"72505394728,KLGA,KNYC,72503014732"
New York City,2015-11-30,7.2,1,4.6,6.7,-3.4,1.2,-1.4,65.2,0,0,0,,0,0,33.5,29.5,42,1029.3,66.2,16,90.6,7.9,3,,2015-11-30T06:59:27,2015-11-30T16:29:35,0.65,Partially cloudy,Partly cloudy throughout the day.,partly-cloudy-day,"72505394728,KLGA,KNYC,72503014732"
New York City,2015-12-01,10.9,6.8,8.5,10.9,3.8,6.6,6.1,84.8,8.704,100,58.33,rain,0,0,25.9,17,67.5,1021.7,100,11,12.4,1,0,,2015-12-01T07:00:29,2015-12-01T16:29:18,0.69,"Rain, Overcast",Cloudy skies throughout the day with a chance of rain throughout the day.,rain,"72505394728,KLGA,KNYC,72503014732"
New York City,2015-12-02,13.9,7.9,10.3,13.9,6.3,9.9,8.8,90.3,3.83,100,45.83,rain,0,0,33.5,13.3,38.5,1010,99.2,4.4,26.2,2.2,1,,2015-12-02T07:01:30,2015-12-02T16:29:03,0.72,"Rain, Overcast",Cloudy skies throughout the day with a chance of rain throughout the day.,rain,"72505394728,KLGA,KNYC,72503014732"
New York City,2015-12-03,12.5,6.8,9.4,12.5,3.8,7.3,1,56.5,0,0,0,,0,0,44.6,31.7,286.7,1012.1,69.1,16,102.5,8.8,4,,2015-12-03T07:02:30,2015-12-03T16:28:50,0.75,Partially cloudy,Partly cloudy throughout the day.,partly-cloudy-day,"72505394728,KLGA,KNYC,72503014732"
New York City,2015-12-04,10.7,6.3,8.2,10.7,4,6.6,-1.4,51.3,0,0,0,,0,0,77.8,15,311.2,1029.5,30.1,15.9,115.9,9.9,5,,2015-12-04T07:03:29,2015-12-04T16:28:40,0.78,Partially cloudy,Clearing in the afternoon.,partly-cloudy-day,"72505394728,KLGA,KNYC,72503014732"
New York City,2015-12-05,10.8,5.3,7.9,10.8,4.2,7.4,-0.7,54.5,0,0,0,,0,0,,10.7,300.1,1037.4,1.2,16,114.5,9.9,5,,2015-12-05T07:04:27,2015-12-05T16:28:32,0.82,Clear,Clear conditions throughout the day.,clear-day,"72505394728,KLGA,KNYC,72503014732"
New York City,2015-12-06,11.6,4.7,8.3,11.6,4.7,8,0.2,57.6,0,0,0,,0,0,,14.8,236.9,1030.8,9.2,15.1,113.8,9.9,5,,2015-12-06T07:05:24,2015-12-06T16:28:27,0.85,Clear,Clear conditions throughout the day.,clear-day,"72505394728,KLGA,KNYC,72503014732"
New York City,2015-12-07,12.2,6.3,8.9,12.2,4.8,8.1,-0.4,53.1,0,0,0,,0,0,,12.1,316.8,1020.3,26.3,13.9,96.5,8.4,5,,2015-12-07T07:06:19,2015-12-07T16:28:23,0.88,Partially cloudy,Clearing in the afternoon.,partly-cloudy-day,"72505394728,KLGA,KNYC,72503014732"
New York City,2015-12-08,8.9,5.2,6.7,8.5,2.7,5.1,-0.6,59.7,0,0,0,,0,0,29.5,16.1,12.4,1019.2,55.1,16,92.1,7.9,4,,2015-12-08T07:07:13,2015-12-08T16:28:22,0.91,Partially cloudy,Partly cloudy throughout the day.,partly-cloudy-day,"72505394728,KLGA,KNYC,72503014732"
New York City,2015-12-09,12.7,4.8,8.7,12.7,3.5,8.5,2.8,66.8,0,0,0,,0,0,33.5,18.4,171.5,1019,80.7,15.7,98.6,8.5,4,,2015-12-09T07:08:06,2015-12-09T16:28:24,0.94,Partially cloudy,Partly cloudy throughout the day.,partly-cloudy-day,"72505394728,KLGA,KNYC,72503014732"
New York City,2015-12-10,15.2,10.8,12.8,15.2,10.8,12.8,6.6,66.8,0,0,0,,0,0,29.5,12.5,225.5,1014.5,40.9,14.8,104.5,9.1,4,,2015-12-10T07:08:57,2015-12-10T16:28:27,0.98,Partially cloudy,Clearing in the afternoon.,partly-cloudy-day,"72505394728,KLGA,KNYC,72503014732"
New York City,2015-12-11,15.8,10,13.1,15.8,9.6,13.1,6.9,66.4,0,0,0,,0,0,31.7,15.6,234.2,1013.4,23.4,12.5,74.7,6.5,4,,2015-12-11T07:09:47,2015-12-11T16:28:33,0,Partially cloudy,Partly cloudy throughout the day.,partly-cloudy-day,"72505394728,KLGA,KNYC,72503014732"
New York City,2015-12-12,18.7,13.2,15.6,18.7,13.2,15.6,8.1,61.4,0,0,0,,0,0,29.5,11.2,223.4,1019.3,57.6,11.4,95.2,8.2,4,,2015-12-12T07:10:35,2015-12-12T16:28:41,0.05,Partially cloudy,Becoming cloudy in the afternoon.,partly-cloudy-day,"72505394728,KLGA,KNYC,72503014732"
New York City,2015-12-13,18.3,12.5,15.3,18.3,12.5,15.3,8.8,65.2,0,0,0,,0,0,,13.8,73,1020.3,52.5,11.5,62.6,5.5,3,,2015-12-13T07:11:21,2015-12-13T16:28:52,0.08,Partially cloudy,Clearing in the afternoon.,partly-cloudy-day,"72505394728,KLGA,KNYC,72503014732"
New York City,2015-12-14,17.4,11.4,14,17.4,11.4,14,11.1,82.7,7.998,100,20.83,rain,0,0,31,16.3,114.5,1010.2,91,8,38.8,3.4,2,,2015-12-14T07:12:06,2015-12-14T16:29:04,0.12,"Rain, Overcast",Cloudy skies throughout the day with late afternoon rain.,rain,"72505394728,KLGA,KNYC,72503014732"
New York City,2015-12-15,19.2,12.1,15.6,19.2,12.1,15.6,5.6,52.7,2.514,100,8.33,rain,0,0,49.9,27.9,286.8,1001.2,63.8,15.9,106.6,9.2,4,,2015-12-15T07:12:50,2015-12-15T16:29:19,0.15,"Rain, Partially cloudy",Becoming cloudy in the afternoon with early morning rain.,rain,"72505394728,KLGA,KNYC,72503014732"
New York City,2015-12-16,11.6,7.9,9.8,11.6,5.7,8.9,1.8,58.2,0.7,100,8.33,rain,0,0,27.7,17.6,56.9,1018.4,57.9,15.1,105.6,9.2,5,,2015-12-16T07:13:31,2015-12-16T16:29:37,0.19,"Rain, Partially cloudy",Becoming cloudy in the afternoon with late afternoon rain.,rain,"72505394728,KLGA,KNYC,72503014732"
New York City,2015-12-17,14.8,10,13.2,14.8,10,13.2,10.5,83.7,28.645,100,37.5,rain,0,0,33.5,18.4,142.9,1011.4,99.2,10.5,15.6,1.3,1,,2015-12-17T07:14:11,2015-12-17T16:29:56,0.22,"Rain, Overcast",Cloudy skies throughout the day with rain.,rain,"72505394728,KLGA,KNYC,72503014732"
New York City,2015-12-18,13.9,4,9.1,13.9,1,7.4,1.6,60.6,0.08,100,4.17,rain,0,0,39.4,20.6,305,1006.5,83.4,16,52.7,4.5,2,,2015-12-18T07:14:49,2015-12-18T16:30:18,0.25,"Rain, Partially cloudy",Partly cloudy throughout the day with afternoon rain.,rain,"72505394728,KLGA,KNYC,72503014732"
New York City,2015-12-19,4,1.8,3.4,1.1,-3.4,-0.8,-8.5,41.6,0,0,0,,0,0,50.8,27.7,277.4,1017.8,66.5,16,91.9,8,4,,2015-12-19T07:15:25,2015-12-19T16:30:42,0.29,Partially cloudy,Becoming cloudy in the afternoon.,partly-cloudy-day,"72505394728,KLGA,KNYC,72503014732"
New York City,2015-12-20,5.9,1.8,4,5.8,-2.1,1,-7.9,41.8,0,0,0,,0,0,39.4,20.5,287.6,1030.8,41.2,16,109.7,9.5,5,,2015-12-20T07:15:59,2015-12-20T16:31:08,0.33,Partially cloudy,Clearing in the afternoon.,partly-cloudy-day,"72505394728,KLGA,KNYC,72503014732"
New York City,2015-12-21,13.4,4,8.9,13.4,0.6,7.5,-0.3,52.9,0,0,0,,0,0,46.4,19.9,229.7,1024.1,46.5,16,52.7,4.5,3,,2015-12-21T07:16:31,2015-12-21T16:31:36,0.37,Partially cloudy,Partly cloudy throughout the day.,partly-cloudy-day,"72505394728,KLGA,KNYC,72503014732"
New York City,2015-12-22,16.7,12.9,14.4,16.7,12.9,14.4,10.7,78.7,4.735,100,25,rain,0,0,35.3,16.6,213,1016.1,88,14.1,21.9,1.9,1,,2015-12-22T07:17:01,2015-12-22T16:32:06,0.4,"Rain, Partially cloudy",Partly cloudy throughout the day with rain in the morning and afternoon.,rain,"72505394728,KLGA,KNYC,72503014732"
New York City,2015-12-23,17.5,11.3,13.2,17.5,11.3,13.2,11.4,88.6,37.634,100,41.67,rain,0,0,31.7,15.1,85.1,1018.5,78,5,42.2,3.6,3,,2015-12-23T07:17:29,2015-12-23T16:32:38,0.44,"Rain, Partially cloudy",Partly cloudy throughout the day with rain.,rain,"72505394728,KLGA,KNYC,72503014732"
New York City,2015-12-24,21.7,16.8,19.8,21.7,16.8,19.8,15.4,76.7,1.727,100,12.5,rain,0,0,38.9,25.9,224.3,1014.3,71.6,13.5,55.3,4.7,3,,2015-12-24T07:17:55,2015-12-24T16:33:12,0.47,"Rain, Partially cloudy",Partly cloudy throughout the day with early morning rain.,rain,"72505394728,KLGA,KNYC,72503014732"
New York City,2015-12-25,17.8,13.7,15.7,17.8,13.7,15.7,11.8,77.3,0.461,100,16.67,rain,0,0,,8.5,4,1021,73.3,14.5,44.2,3.7,2,,2015-12-25T07:18:19,2015-12-25T16:33:48,0.5,"Rain, Partially cloudy",Partly cloudy throughout the day with rain.,rain,"72505394728,KLGA,KNYC,72503014732"
New York City,2015-12-26,15,9.5,11.4,15,7.6,10.9,2,53.1,0,0,0,,0,0,35.3,23.6,52.1,1029.9,96.7,16,54.4,4.6,3,,2015-12-26T07:18:41,2015-12-26T16:34:27,0.54,Overcast,Cloudy skies throughout the day.,cloudy,"72505394728,KLGA,KNYC,72503014732"
New York City,2015-12-27,16.3,7.9,11.6,16.3,6.4,11.4,9.1,85.2,3.535,100,20.83,rain,0,0,42.5,21,278.9,1015.3,97.5,9.2,83.5,7.2,4,,2015-12-27T07:19:01,2015-12-27T16:35:07,0.57,"Rain, Overcast",Cloudy skies throughout the day with rain.,rain,"72505394728,KLGA,KNYC,72503014732"
New York City,2015-12-28,8.1,1.8,4.6,5.2,-2.5,1.1,-3.9,54.6,0.96,100,12.5,"rain,snow",0,0,38.9,24.1,42,1028.6,48.7,15.8,76.2,6.5,4,,2015-12-28T07:19:18,2015-12-28T16:35:49,0.6,"Snow, Rain, Partially cloudy",Partly cloudy throughout the day with late afternoon rain or snow.,rain,"72505394728,KLGA,KNYC,72503014732"
New York City,2015-12-29,8,1.1,4.6,5.6,-4.2,1.8,2.6,86.9,11.275,100,50,"rain,snow",0,0,37.1,22.9,60,1019.5,96.7,8.2,36.9,3.3,2,,2015-12-29T07:19:34,2015-12-29T16:36:32,0.64,"Snow, Rain, Overcast",Cloudy skies throughout the day with a chance of rain or snow throughout the day.,rain,"72505394728,KLGA,KNYC,72503014732"
New York City,2015-12-30,8.9,4.2,6.1,8.2,2,4.7,3.8,85,1.9,100,4.17,rain,0,0,,13.4,74.7,1023.5,89.7,9.8,30.2,2.5,1,,2015-12-30T07:19:47,2015-12-30T16:37:18,0.67,"Rain, Partially cloudy",Partly cloudy throughout the day with late afternoon rain.,rain,"72505394728,KLGA,KNYC,72503014732"
New York City,2015-12-31,8.9,5.8,7.9,7.4,2.1,5.8,2.4,70,3.551,100,12.5,rain,0,0,33.5,27.7,312.5,1017.7,88.9,14.6,89.3,7.7,4,,2015-12-31T07:19:58,2015-12-31T16:38:05,0.7,"Rain, Partially cloudy",Partly cloudy throughout the day with early morning rain.,rain,"72505394728,KLGA,KNYC,72503014732"
New York City,2016-01-01,5.8,1.8,4.1,3.5,-3.2,0.7,-4.7,52.7,0,0,0,,0,0,43.1,24.1,284.5,1016.8,70.8,16,49.2,4.3,3,,2016-01-01T07:20:07,2016-01-01T16:38:54,0.73,Partially cloudy,Partly cloudy throughout the day.,partly-cloudy-day,"72505394728,KLGA,KNYC,72503014732"
